Date,Open,High,Low,Close,Adj Close,Volume
2018-02-01,2200.0,2225.5,2082.5,2110.0,2110.0,179977
2018-02-02,2129.0,2130.0,2015.0,2052.0,2052.0,129069
2018-02-05,2070.0,2090.0,2013.0,2089.5,2089.5,67260
2018-02-06,2060.0,2088.5,2005.0,2070.0,2070.0,60393
2018-02-07,2020.0,2117.0,2020.0,2090.0,2090.0,22826
2018-02-08,2090.0,2195.0,2060.0,2134.0,2134.0,32091
2018-02-09,2064.0,2120.0,2035.0,2046.0,2046.0,28724
2018-02-12,2065.0,2125.0,2052.5,2100.5,2100.5,11486
2018-02-13,2150.0,2150.0,2091.0,2140.0,2140.0,27529
2018-02-14,2149.5,2172.0,2142.5,2150.5,2150.5,28268
2018-02-15,2150.5,2155.0,2112.0,2144.0,2144.0,22475
2018-02-16,2157.5,2260.0,2080.0,2130.0,2130.0,55935
2018-02-19,2209.0,2209.0,2060.0,2079.5,2079.5,41100
2018-02-20,2075.0,2075.5,1941.5,1979.5,1979.5,83633
2018-02-21,1979.5,2019.5,1905.5,1958.0,1958.0,44033
2018-02-22,1958.0,2030.0,1930.0,1996.5,1996.5,52056
2018-02-26,2020.0,2035.0,2003.0,2017.0,2017.0,13766
2018-02-27,2034.0,2034.0,2003.5,2017.0,2017.0,3936
2018-02-28,2006.5,2029.0,2002.5,2015.0,2015.0,13954
2018-03-01,2023.5,2040.0,1994.5,2040.0,2040.0,56625
2018-03-02,2020.0,2044.5,1969.5,2000.5,2000.5,93981
2018-03-05,2006.5,2050.0,1980.0,2016.0,2016.0,41937
2018-03-06,2001.5,2032.5,1930.0,1943.5,1943.5,140872
2018-03-07,1957.5,1960.0,1920.0,1946.5,1946.5,155042
2018-03-09,1935.0,1968.0,1935.0,1955.5,1955.5,102546
2018-03-12,1965.5,1980.0,1937.0,1960.5,1960.5,84376
2018-03-13,1975.0,1975.0,1905.0,1910.0,1910.0,122430
2018-03-14,1922.0,1922.5,1867.0,1885.5,1885.5,112525
2018-03-15,1861.0,1965.0,1850.0,1965.0,1965.0,165872
2018-03-16,1948.5,1966.5,1926.0,1965.0,1965.0,126067
2018-03-19,1965.0,1981.5,1894.5,1915.0,1915.0,102842
2018-03-20,1910.0,1917.0,1878.5,1891.0,1891.0,118732
2018-03-21,1890.0,1936.0,1875.0,1920.0,1920.0,165885
2018-03-22,1930.0,1946.0,1861.0,1875.0,1875.0,128810
2018-03-23,1865.0,1900.0,1800.0,1858.0,1858.0,153519
2018-03-26,1858.5,1862.5,1809.5,1811.0,1811.0,113558
2018-03-27,1821.0,1849.0,1800.0,1846.5,1846.5,86284
2018-03-28,1847.0,1847.0,1801.5,1838.5,1838.5,88536
2018-03-29,1845.0,2019.0,1830.5,1932.0,1932.0,337733
2018-03-30,1965.0,1978.0,1927.0,1932.0,1932.0,50449
2018-04-02,1947.0,1965.0,1913.5,1949.5,1949.5,30725
2018-04-03,1950.0,1961.5,1919.0,1948.0,1948.0,130619
2018-04-04,1958.0,1959.0,1927.5,1959.0,1959.0,81702
2018-04-05,1960.0,2050.0,1946.0,2050.0,2050.0,152747
2018-04-06,2030.0,2069.5,2000.0,2025.0,2025.0,98551
2018-04-09,2020.0,2022.0,1730.0,1892.5,1892.5,341118
2018-04-10,1884.5,1973.5,1865.5,1937.0,1937.0,236848
2018-04-11,1923.5,1965.0,1812.0,1875.0,1875.0,192975
2018-04-12,1880.0,1948.0,1850.0,1913.5,1913.5,194148
2018-04-13,1907.5,1940.0,1881.5,1901.0,1901.0,109130
2018-04-16,1857.0,1938.0,1855.0,1930.0,1930.0,96075
2018-04-17,1942.0,2056.5,1896.5,1969.0,1969.0,174543
2018-04-18,1961.5,2100.0,1960.5,2055.0,2055.0,142706
2018-04-19,2061.0,2095.0,1960.5,1974.0,1974.0,108519
2018-04-20,1974.5,1995.5,1952.0,1974.5,1974.5,79574
2018-04-23,1974.5,1993.5,1908.0,1940.0,1940.0,178232
2018-04-24,1940.0,1953.0,1901.5,1906.5,1906.5,111331
2018-04-25,1909.5,1909.5,1780.5,1800.0,1800.0,432634
2018-04-26,1809.0,1809.0,1654.0,1740.0,1740.0,770133
2018-04-27,1741.0,1825.0,1741.0,1800.0,1800.0,185365
2018-04-28,1823.5,1823.5,1770.0,1803.5,1803.5,21756
2018-04-30,1800.5,1825.0,1781.0,1795.5,1795.5,52230
2018-05-02,1798.0,1840.5,1782.5,1815.0,1815.0,74041
2018-05-03,1815.0,1837.0,1790.0,1801.0,1801.0,59101
2018-05-04,1808.5,1835.0,1797.5,1835.0,1835.0,59933
2018-05-07,1836.0,1861.0,1834.5,1856.5,1856.5,86924
2018-05-08,1849.0,1900.0,1829.0,1845.0,1845.0,196097
2018-05-10,1853.0,1885.0,1780.0,1802.0,1802.0,182542
2018-05-11,1804.0,1822.0,1785.5,1799.5,1799.5,239508
2018-05-14,1820.0,1867.5,1800.0,1854.0,1854.0,252156
2018-05-15,1917.0,1953.5,1875.0,1911.0,1911.0,1000504
2018-05-16,1911.0,1934.0,1897.0,1917.5,1917.5,550751
2018-05-17,1924.5,1930.0,1896.0,1925.0,1925.0,492665
2018-05-18,1917.0,1925.0,1874.0,1880.0,1880.0,537811
2018-05-21,1880.0,1904.5,1860.0,1864.5,1864.5,583111
2018-05-22,1874.5,1874.5,1817.5,1844.0,1844.0,420684
2018-05-23,1849.0,1881.0,1837.5,1871.5,1871.5,433312
2018-05-24,1805.5,1814.5,1792.0,1813.0,1813.0,539020
2018-05-25,1819.0,1878.5,1800.0,1844.5,1844.5,586334
2018-05-28,1845.0,1925.0,1845.0,1915.0,1915.0,659229
2018-05-29,1915.0,1916.5,1783.0,1840.0,1840.0,1271627
2018-05-30,1848.5,1848.5,1760.0,1785.0,1785.0,1360737
2018-05-31,1797.5,1808.0,1725.0,1808.0,1808.0,7111058
2018-06-01,1789.0,1800.0,1748.0,1748.0,1748.0,534262
2018-06-04,1757.0,1783.0,1754.5,1771.0,1771.0,304590
2018-06-05,1757.5,1780.0,1751.5,1770.0,1770.0,143111
2018-06-06,1770.0,1790.0,1754.5,1758.5,1758.5,836680
2018-06-07,1764.5,1789.0,1743.5,1743.5,1743.5,289422
2018-06-08,1750.0,1750.0,1652.0,1675.0,1675.0,393233
2018-06-09,1690.5,1690.5,1671.5,1683.5,1683.5,10036
2018-06-11,1683.0,1727.0,1670.5,1675.5,1675.5,120447
2018-06-13,1684.0,1694.0,1650.5,1650.5,1650.5,178547
2018-06-14,1650.5,1675.0,1617.0,1645.5,1645.5,128204
2018-06-15,1646.0,1670.0,1627.5,1627.5,1627.5,220646
2018-06-18,1626.5,1664.5,1615.0,1645.0,1645.0,193231
2018-06-19,1634.0,1694.0,1633.0,1682.0,1682.0,165698
2018-06-20,1695.5,1746.5,1677.0,1730.0,1730.0,179186
2018-06-21,1746.5,1795.0,1730.5,1770.0,1770.0,184271
2018-06-22,1766.0,1780.0,1726.5,1729.0,1729.0,155552
2018-06-25,1710.5,1792.5,1710.5,1766.5,1766.5,156785
2018-06-26,1768.0,1790.0,1713.5,1743.0,1743.0,101417
2018-06-27,1759.5,1773.5,1687.5,1690.0,1690.0,234185
2018-06-28,1690.5,1720.5,1672.0,1673.5,1673.5,119871
2018-06-29,1685.0,1727.0,1660.5,1727.0,1727.0,186346
2018-07-02,1690.0,1700.0,1661.0,1687.0,1687.0,101058
2018-07-03,1688.0,1688.0,1617.0,1617.5,1617.5,201129
2018-07-04,1621.0,1681.0,1612.5,1645.5,1645.5,155889
2018-07-05,1645.0,1700.0,1641.0,1700.0,1700.0,171196
2018-07-06,1699.0,1700.0,1658.0,1685.0,1685.0,105522
2018-07-09,1693.0,1765.0,1654.0,1751.5,1751.5,239847
2018-07-10,1780.0,1780.0,1742.5,1780.0,1780.0,118940
2018-07-11,1769.5,1775.5,1710.0,1715.5,1715.5,100963
2018-07-12,1723.0,1744.0,1706.5,1721.0,1721.0,61260
2018-07-13,1720.5,1758.0,1711.0,1758.0,1758.0,71336
2018-07-16,1758.0,1765.0,1712.0,1760.0,1760.0,84274
2018-07-17,1741.0,1769.0,1710.0,1767.0,1767.0,126505
2018-07-18,1767.5,1884.5,1753.0,1840.0,1840.0,398320
2018-07-19,1840.0,1870.0,1735.0,1768.0,1768.0,263560
2018-07-20,1768.0,1768.0,1680.0,1691.5,1691.5,127808
2018-07-23,1680.0,1738.0,1680.0,1738.0,1738.0,75772
2018-07-24,1725.0,1763.5,1712.0,1734.0,1734.0,71611
2018-07-25,1724.5,1747.5,1707.0,1720.0,1720.0,72257
2018-07-26,1703.0,1761.0,1701.0,1758.5,1758.5,106939
2018-07-27,1748.0,1765.0,1706.0,1727.5,1727.5,63737
2018-07-30,1727.0,1728.0,1684.0,1728.0,1728.0,78163
2018-07-31,1703.0,1706.5,1670.0,1680.0,1680.0,113468
2018-08-01,1682.0,1731.0,1680.0,1731.0,1731.0,89516
2018-08-02,1721.0,1727.0,1700.0,1700.0,1700.0,47920
2018-08-03,1695.0,1710.0,1660.0,1682.5,1682.5,116340
2018-08-06,1683.5,1715.5,1666.5,1707.0,1707.0,64677
2018-08-07,1686.5,1725.0,1685.0,1710.0,1710.0,76686
2018-08-08,1710.0,1719.0,1661.0,1719.0,1719.0,116953
2018-08-09,1714.0,1727.0,1645.5,1672.0,1672.0,182822
2018-08-10,1666.0,1670.5,1582.0,1617.0,1617.0,194138
2018-08-13,1605.0,1624.0,1551.0,1624.0,1624.0,345843
2018-08-14,1623.0,1682.5,1578.0,1583.0,1583.0,336429
2018-08-15,1578.5,1599.0,1531.0,1577.0,1577.0,226628
2018-08-16,1574.5,1583.0,1531.0,1540.5,1540.5,166135
2018-08-17,1541.0,1595.0,1537.5,1571.0,1571.0,151964
2018-08-20,1576.0,1606.0,1564.0,1590.5,1590.5,59048
2018-08-21,1612.5,1612.5,1581.0,1607.0,1607.0,95193
2018-08-22,1609.5,1611.5,1579.0,1608.0,1608.0,95561
2018-08-23,1600.0,1624.5,1556.0,1556.0,1556.0,114330
2018-08-24,1556.0,1584.0,1542.0,1575.0,1575.0,95410
2018-08-27,1568.0,1581.0,1550.0,1580.0,1580.0,25453
2018-08-28,1579.5,1579.5,1523.5,1532.0,1532.0,206341
2018-08-29,1536.0,1554.5,1523.0,1540.5,1540.5,107670
2018-08-30,1550.0,1562.0,1520.0,1529.5,1529.5,103717
2018-08-31,1520.5,1590.0,1510.5,1590.0,1590.0,244976
2018-09-03,1583.5,1588.0,1555.0,1572.0,1572.0,54745
2018-09-04,1572.0,1588.0,1567.0,1576.0,1576.0,67242
2018-09-05,1566.0,1582.5,1545.0,1545.0,1545.0,54034
2018-09-06,1552.0,1570.0,1529.0,1558.5,1558.5,54186
2018-09-07,1541.0,1575.0,1541.0,1563.0,1563.0,32131
2018-09-10,1576.5,1585.0,1553.5,1569.5,1569.5,36194
2018-09-11,1552.0,1557.5,1489.0,1512.0,1512.0,168376
2018-09-12,1515.5,1516.0,1446.0,1474.5,1474.5,130974
2018-09-13,1488.5,1544.0,1470.5,1540.0,1540.0,171278
2018-09-14,1515.5,1595.0,1510.0,1595.0,1595.0,155752
2018-09-17,1595.5,1645.0,1595.0,1645.0,1645.0,92469
2018-09-18,1640.0,1665.5,1605.5,1638.0,1638.0,86014
2018-09-19,1622.0,1659.5,1606.5,1625.0,1625.0,86742
2018-09-20,1638.0,1713.0,1634.5,1671.0,1671.0,320462
2018-09-21,1668.0,1692.5,1649.5,1685.0,1685.0,273134
2018-09-24,1685.0,1701.0,1610.0,1616.5,1616.5,66035
2018-09-25,1616.5,1640.0,1615.0,1630.5,1630.5,55346
2018-09-26,1640.0,1640.0,1573.0,1573.0,1573.0,73454
2018-09-27,1573.0,1581.5,1426.5,1515.5,1515.5,338345
2018-09-28,1500.0,1510.0,1475.0,1481.5,1481.5,101563
2018-10-01,1482.0,1493.0,1430.5,1437.0,1437.0,155266
2018-10-02,1448.0,1459.0,1400.0,1412.0,1412.0,112181
2018-10-03,1407.0,1431.0,1399.0,1411.0,1411.0,83161
2018-10-04,1411.5,1446.5,1402.5,1424.0,1424.0,96333
2018-10-05,1420.0,1429.5,1388.5,1390.0,1390.0,92465
2018-10-08,1403.0,1412.0,1377.0,1378.0,1378.0,83595
2018-10-09,1380.0,1397.0,1337.5,1353.0,1353.0,108726
2018-10-10,1341.0,1373.5,1317.5,1319.0,1319.0,130130
2018-10-11,1300.0,1320.0,1277.5,1287.0,1287.0,216304
2018-10-12,1294.0,1382.0,1294.0,1382.0,1382.0,123170
2018-10-15,1381.0,1397.0,1346.5,1362.0,1362.0,115876
2018-10-16,1363.0,1386.5,1352.0,1373.5,1373.5,94842
2018-10-17,1374.0,1459.5,1374.0,1442.0,1442.0,159804
2018-10-18,1462.5,1462.5,1402.5,1420.5,1420.5,132661
2018-10-19,1421.0,1449.0,1399.0,1434.5,1434.5,128692
2018-10-22,1444.5,1474.5,1427.0,1442.0,1442.0,78425
2018-10-23,1442.0,1458.0,1410.0,1442.5,1442.5,76075
2018-10-24,1442.0,1574.0,1442.0,1532.0,1532.0,345234
2018-10-25,1525.5,1594.5,1496.0,1555.0,1555.0,142131
2018-10-26,1540.5,1540.5,1496.0,1530.0,1530.0,84150
2018-10-29,1540.0,1568.0,1473.0,1534.0,1534.0,49641
2018-10-30,1529.5,1570.0,1500.0,1562.5,1562.5,72032
2018-10-31,1559.5,1597.0,1524.0,1539.0,1539.0,115386
2018-11-01,1539.0,1598.5,1513.0,1598.5,1598.5,105747
2018-11-02,1599.0,1655.0,1580.5,1614.5,1614.5,88263
2018-11-06,1599.5,1642.5,1599.5,1629.5,1629.5,49552
2018-11-07,1605.5,1663.5,1605.5,1640.0,1640.0,74185
2018-11-08,1636.0,1657.5,1610.0,1610.0,1610.0,49827
2018-11-09,1607.0,1629.5,1563.0,1610.5,1610.5,101085
2018-11-12,1620.0,1626.0,1560.5,1577.5,1577.5,39350
2018-11-13,1562.0,1615.0,1554.0,1554.0,1554.0,62202
2018-11-14,1559.0,1595.0,1521.0,1535.5,1535.5,75920
2018-11-15,1549.5,1605.0,1532.5,1583.5,1583.5,64204
2018-11-16,1576.0,1600.0,1547.5,1565.0,1565.0,68248
2018-11-19,1549.0,1599.0,1544.5,1558.5,1558.5,51997
2018-11-20,1567.5,1649.5,1495.5,1513.5,1513.5,66965
2018-11-21,1497.5,1564.5,1497.5,1558.5,1558.5,50970
2018-11-22,1535.5,1586.5,1535.0,1583.0,1583.0,41631
2018-11-23,1565.0,1606.5,1551.5,1606.5,1606.5,81924
2018-11-26,1595.0,1629.0,1535.0,1597.0,1597.0,85403
2018-11-27,1590.0,1656.0,1575.5,1656.0,1656.0,60146
2018-11-28,1657.0,1745.0,1655.5,1721.5,1721.5,122681
2018-11-29,1722.0,1795.0,1676.5,1710.0,1710.0,174556
2018-11-30,1767.5,1773.5,1678.0,1725.0,1725.0,264971
2018-12-03,1730.0,1790.0,1717.0,1742.5,1742.5,116013
2018-12-04,1742.5,1743.5,1645.0,1667.5,1667.5,155737
2018-12-05,1635.0,1660.0,1600.5,1619.0,1619.0,238743
2018-12-06,1618.0,1630.0,1585.0,1610.5,1610.5,116567
2018-12-07,1608.5,1673.5,1592.0,1635.0,1635.0,159645
2018-12-10,1628.5,1654.5,1584.0,1584.0,1584.0,72008
2018-12-11,1597.5,1599.5,1557.5,1577.5,1577.5,76123
2018-12-12,1583.5,1583.5,1557.0,1576.0,1576.0,50999
2018-12-13,1585.5,1633.5,1565.5,1618.5,1618.5,85265
2018-12-14,1600.5,1640.0,1593.0,1640.0,1640.0,50975
2018-12-17,1627.5,1660.0,1612.0,1656.5,1656.5,59989
2018-12-18,1630.0,1721.5,1623.5,1719.5,1719.5,179412
2018-12-19,1705.0,1779.0,1696.0,1774.0,1774.0,110203
2018-12-20,1753.0,1800.0,1685.0,1800.0,1800.0,165759
2018-12-21,1789.5,1805.0,1721.0,1805.0,1805.0,149671
2018-12-24,1805.0,1811.0,1700.0,1700.0,1700.0,42535
2018-12-25,1700.0,1701.5,1615.0,1646.5,1646.5,45906
2018-12-26,1640.0,1685.0,1640.0,1680.0,1680.0,50850
2018-12-27,1694.0,1710.0,1661.5,1691.5,1691.5,84359
2018-12-28,1708.0,1746.5,1700.0,1746.5,1746.5,40967
2018-12-29,1749.5,1750.0,1725.0,1725.0,1725.0,6340
2019-01-03,1749.5,1823.0,1672.0,1823.0,1823.0,69643
2019-01-04,1819.5,1874.0,1801.5,1868.0,1868.0,92029
2019-01-08,1865.5,1865.5,1802.5,1822.0,1822.0,127595
2019-01-09,1822.5,1843.5,1777.5,1792.0,1792.0,135981
2019-01-10,1799.5,1800.0,1747.0,1759.5,1759.5,114576
2019-01-11,1768.0,1780.5,1743.5,1760.0,1760.0,140800
2019-01-14,1760.0,1765.0,1727.5,1765.0,1765.0,73994
2019-01-15,1765.0,1800.0,1757.5,1772.5,1772.5,88708
2019-01-16,1782.5,1790.5,1730.0,1759.0,1759.0,69305
2019-01-17,1759.0,1794.0,1690.0,1721.5,1721.5,132470
2019-01-18,1720.5,1795.0,1693.0,1783.0,1783.0,161482
2019-01-21,1783.0,1814.0,1768.5,1770.0,1770.0,79402
2019-01-22,1769.0,1829.5,1747.0,1822.5,1822.5,123612
2019-01-23,1823.0,1835.5,1798.0,1811.0,1811.0,221714
2019-01-24,1809.0,1861.0,1786.0,1834.0,1834.0,169230
2019-01-25,1842.0,1854.0,1789.0,1820.5,1820.5,71336
2019-01-28,1820.0,1820.0,1769.0,1785.0,1785.0,66202
2019-01-29,1776.5,1787.0,1755.0,1760.0,1760.0,65983
2019-01-30,1758.0,1776.0,1730.0,1740.0,1740.0,139029
2019-01-31,1749.0,1786.0,1702.0,1715.5,1715.5,153016
2019-02-01,1720.0,1752.0,1706.0,1748.5,1748.5,81402
2019-02-04,1755.5,1775.0,1721.0,1721.0,1721.0,89848
2019-02-05,1734.0,1766.5,1715.0,1760.0,1760.0,72767
2019-02-06,1760.0,1805.0,1738.5,1793.0,1793.0,110895
2019-02-07,1790.5,1812.0,1780.0,1801.0,1801.0,65963
2019-02-08,1800.0,1822.0,1793.5,1821.5,1821.5,40685
2019-02-11,1812.5,1825.0,1776.0,1792.0,1792.0,50544
2019-02-12,1785.0,1818.0,1775.0,1803.5,1803.5,50663
2019-02-13,1803.5,1803.5,1738.5,1759.5,1759.5,117817
2019-02-14,1741.5,1775.0,1732.5,1762.5,1762.5,86230
2019-02-15,1762.5,1800.0,1756.0,1800.0,1800.0,94604
2019-02-18,1795.0,1805.0,1778.0,1796.0,1796.0,28638
2019-02-19,1804.0,1804.5,1761.0,1773.0,1773.0,54371
2019-02-20,1784.0,1828.5,1783.0,1828.5,1828.5,84866
2019-02-21,1830.0,1833.5,1801.0,1817.0,1817.0,87513
2019-02-22,1815.0,1815.0,1790.5,1811.5,1811.5,45583
2019-02-25,1802.0,1808.5,1772.5,1781.5,1781.5,72853
2019-02-26,1775.5,1791.0,1730.0,1755.5,1755.5,183209
2019-02-27,1749.0,1749.0,1695.0,1704.5,1704.5,112376
2019-02-28,1704.5,1709.0,1660.0,1676.5,1676.5,201432
2019-03-01,1680.0,1680.0,1626.0,1663.0,1663.0,156551
2019-03-04,1652.0,1679.5,1649.5,1665.0,1665.0,64144
2019-03-05,1657.5,1664.5,1627.5,1636.0,1636.0,48100
2019-03-06,1630.0,1681.0,1630.0,1674.0,1674.0,95267
2019-03-07,1675.0,1688.5,1640.0,1644.0,1644.0,48748
2019-03-11,1644.5,1695.5,1644.5,1686.5,1686.5,101565
2019-03-12,1691.0,1714.0,1670.5,1698.0,1698.0,70806
2019-03-13,1706.5,1713.0,1643.0,1646.5,1646.5,113496
2019-03-14,1650.0,1662.0,1609.5,1616.5,1616.5,127067
2019-03-15,1624.0,1637.5,1591.5,1592.5,1592.5,155570
2019-03-18,1598.5,1645.0,1582.5,1635.0,1635.0,156322
2019-03-19,1639.0,1648.0,1605.0,1605.0,1605.0,106597
2019-03-20,1607.0,1635.5,1551.5,1607.5,1607.5,317583
2019-03-21,1605.0,1625.0,1589.0,1608.0,1608.0,233681
2019-03-22,1607.0,1607.0,1576.5,1604.0,1604.0,116193
2019-03-25,1600.0,1627.0,1575.0,1617.5,1617.5,89645
2019-03-26,1623.0,1686.5,1611.0,1681.0,1681.0,144527
2019-03-27,1688.0,1689.5,1632.0,1632.0,1632.0,81313
2019-03-28,1645.0,1657.0,1628.0,1637.5,1637.5,71065
2019-03-29,1638.0,1663.0,1627.0,1637.0,1637.0,127273
2019-04-01,1645.5,1678.5,1625.0,1654.0,1654.0,67802
2019-04-02,1665.0,1677.5,1643.0,1654.0,1654.0,85084
2019-04-03,1665.0,1689.0,1657.5,1657.5,1657.5,78005
2019-04-04,1669.0,1670.0,1639.0,1670.0,1670.0,61285
2019-04-05,1670.0,1670.0,1640.5,1659.0,1659.0,43659
2019-04-08,1645.0,1660.0,1629.5,1655.5,1655.5,72770
2019-04-09,1655.0,1664.5,1632.0,1664.5,1664.5,94640
2019-04-10,1669.0,1670.0,1636.0,1650.0,1650.0,77071
2019-04-11,1655.0,1655.0,1633.0,1633.0,1633.0,53466
2019-04-12,1642.0,1655.0,1625.5,1640.5,1640.5,76410
2019-04-15,1638.0,1644.0,1630.0,1633.5,1633.5,36652
2019-04-16,1634.0,1650.0,1626.0,1633.0,1633.0,64529
2019-04-17,1642.0,1728.0,1636.0,1728.0,1728.0,152070
2019-04-18,1730.0,1768.0,1694.5,1768.0,1768.0,118868
2019-04-19,1762.0,1780.0,1743.5,1762.5,1762.5,27957
2019-04-22,1763.0,1790.0,1755.5,1758.5,1758.5,21516
2019-04-23,1762.5,1835.0,1762.0,1804.0,1804.0,112127
2019-04-24,1806.0,1810.0,1777.5,1810.0,1810.0,85680
2019-04-25,1791.5,1922.5,1791.5,1910.0,1910.0,249695
2019-04-26,1910.0,1912.0,1866.5,1912.0,1912.0,75890
2019-04-29,1900.0,1945.0,1868.0,1894.5,1894.5,41105
2019-04-30,1907.0,1963.0,1875.0,1963.0,1963.0,117145
2019-05-02,1974.0,1974.5,1924.0,1967.0,1967.0,47300
2019-05-03,1970.0,2018.5,1957.0,1999.5,1999.5,82023
2019-05-06,2000.0,2000.0,1931.5,1970.0,1970.0,49331
2019-05-07,1966.0,1998.0,1965.0,1983.0,1983.0,58338
2019-05-08,1969.5,1993.5,1927.0,1927.0,1927.0,103615
2019-05-10,1903.5,1950.0,1892.5,1896.0,1896.0,99399
2019-05-13,1914.5,1948.0,1891.5,1904.0,1904.0,110590
2019-05-14,1922.0,1941.0,1886.5,1908.5,1908.5,130361
2019-05-15,1918.5,1921.5,1893.5,1897.0,1897.0,102710
2019-05-16,1890.0,1969.5,1887.0,1943.0,1943.0,153333
2019-05-17,1930.0,2020.0,1924.5,2000.0,2000.0,155205
2019-05-20,2017.5,2019.5,1957.5,1995.0,1995.0,98375
2019-05-21,2003.5,2011.0,1934.5,1952.0,1952.0,78046
2019-05-22,1951.5,1955.0,1914.0,1933.5,1933.5,88277
2019-05-23,1874.0,1889.5,1845.5,1857.5,1857.5,131674
2019-05-24,1857.5,1873.5,1817.0,1828.0,1828.0,72937
2019-05-27,1828.0,1864.0,1827.5,1857.5,1857.5,23819
2019-05-28,1867.0,1875.5,1802.5,1847.0,1847.0,297496
2019-05-29,1839.0,1908.0,1834.5,1901.0,1901.0,113987
2019-05-30,1890.0,1924.5,1890.0,1924.0,1924.0,99343
2019-05-31,1923.0,1940.5,1890.5,1922.5,1922.5,77091
2019-06-03,1899.5,2019.0,1898.0,2010.0,2010.0,101314
2019-06-04,1998.0,2030.0,1982.5,2005.0,2005.0,85727
2019-06-05,1993.0,2044.0,1977.0,2033.0,2033.0,84438
2019-06-06,2033.5,2049.5,2019.5,2045.0,2045.0,65346
2019-06-07,2045.0,2073.0,2010.5,2040.5,2040.5,72505
2019-06-10,2045.0,2053.5,2027.0,2049.0,2049.0,43030
2019-06-11,2048.5,2107.0,2032.0,2093.0,2093.0,206683
2019-06-13,2099.0,2099.5,2056.0,2098.0,2098.0,103624
2019-06-14,2098.0,2130.5,2065.0,2066.0,2066.0,89005
2019-06-17,2072.0,2097.0,2045.5,2052.5,2052.5,98755
2019-06-18,2066.5,2084.0,2045.0,2071.5,2071.5,105267
2019-06-19,2072.0,2247.5,2040.0,2074.0,2074.0,59290
2019-06-20,2056.0,2122.0,2056.0,2090.5,2090.5,277012
2019-06-21,2085.0,2148.0,2070.0,2130.0,2130.0,153033
2019-06-24,2132.0,2159.0,2110.5,2159.0,2159.0,68967
2019-06-25,2143.5,2160.0,2121.5,2154.0,2154.0,73854
2019-06-26,2152.0,2232.0,2146.0,2221.5,2221.5,128731
2019-06-27,2230.0,2252.5,2205.5,2235.0,2235.0,84376
2019-06-28,2225.5,2243.5,2154.5,2177.5,2177.5,67978
2019-07-01,2180.0,2198.5,2131.5,2136.5,2136.5,53444
2019-07-02,2130.0,2249.0,2125.5,2240.0,2240.0,136631
2019-07-03,2242.0,2277.0,2188.0,2258.0,2258.0,93963
2019-07-04,2248.5,2257.5,2216.5,2230.5,2230.5,73322
2019-07-05,2225.5,2254.0,2211.5,2254.0,2254.0,52147
2019-07-08,2245.0,2246.5,2192.0,2220.0,2220.0,92761
2019-07-09,2210.0,2218.5,2160.0,2179.5,2179.5,59724
2019-07-10,2187.5,2215.5,2153.5,2215.5,2215.5,76028
2019-07-11,2217.5,2217.5,2143.5,2171.0,2171.0,69665
2019-07-12,2173.5,2210.0,2169.0,2197.0,2197.0,59908
2019-07-15,2210.0,2234.5,2185.0,2210.0,2210.0,55046
2019-07-16,2209.0,2252.0,2202.0,2249.0,2249.0,101737
2019-07-17,2239.0,2249.5,2184.5,2192.0,2192.0,78823
2019-07-18,2193.0,2227.5,2185.5,2188.0,2188.0,79911
2019-07-19,2207.5,2223.0,2180.0,2180.0,2180.0,67948
2019-07-22,2187.0,2197.0,2101.0,2101.0,2101.0,82773
2019-07-23,2118.0,2152.0,2102.0,2136.5,2136.5,57422
2019-07-24,2148.5,2149.5,2116.5,2129.5,2129.5,47971
2019-07-25,2129.5,2162.0,2112.5,2140.0,2140.0,77766
2019-07-26,2144.0,2150.0,2101.0,2118.5,2118.5,101786
2019-07-29,2134.0,2148.5,2101.0,2101.5,2101.5,75042
2019-07-30,2119.5,2121.5,2074.5,2110.5,2110.5,45696
2019-07-31,2091.0,2127.5,2072.0,2100.5,2100.5,111721
2019-08-01,2109.5,2174.5,2100.0,2165.5,2165.5,92340
2019-08-02,2130.0,2177.0,2106.0,2136.0,2136.0,127071
2019-08-05,2148.0,2148.5,2056.0,2058.0,2058.0,145765
2019-08-06,2078.5,2091.5,2064.5,2072.0,2072.0,99827
2019-08-07,2088.0,2100.0,2036.0,2042.0,2042.0,86650
2019-08-08,2050.0,2097.5,2044.0,2044.0,2044.0,112741
2019-08-09,2045.0,2077.0,2045.0,2056.5,2056.5,55501
2019-08-12,2064.0,2100.0,2061.0,2090.0,2090.0,59713
2019-08-13,2096.5,2124.0,2081.5,2095.5,2095.5,89180
2019-08-14,2109.0,2125.0,2073.0,2073.0,2073.0,115428
2019-08-15,2092.5,2172.5,2091.0,2126.0,2126.0,163272
2019-08-16,2148.0,2174.0,2118.5,2118.5,2118.5,123079
2019-08-19,2139.5,2180.0,2124.0,2125.0,2125.0,242943
2019-08-20,2125.0,2193.5,2000.0,2146.5,2146.5,301696
2019-08-21,2146.5,2219.0,2121.5,2218.0,2218.0,209046
2019-08-22,2204.5,2222.5,2192.5,2194.5,2194.5,91342
2019-08-23,2216.5,2216.5,2153.0,2153.0,2153.0,80406
2019-08-26,2149.5,2200.5,2125.5,2160.0,2160.0,46422
2019-08-27,2160.0,2203.5,2107.0,2148.5,2148.5,254643
2019-08-28,2136.0,2168.0,2127.0,2158.0,2158.0,73061
2019-08-29,2158.0,2232.0,2146.0,2232.0,2232.0,106623
2019-08-30,2225.5,2304.0,2205.0,2298.5,2298.5,178099
2019-09-02,2282.5,2322.0,2260.5,2302.5,2302.5,105719
2019-09-03,2276.0,2312.0,2231.5,2267.0,2267.0,122081
2019-09-04,2265.5,2300.0,2242.0,2242.0,2242.0,98662
2019-09-05,2242.5,2300.0,2242.5,2300.0,2300.0,105437
2019-09-06,2301.0,2304.0,2260.0,2287.0,2287.0,76285
2019-09-09,2287.0,2304.0,2266.5,2304.0,2304.0,40149
2019-09-10,2284.0,2320.0,2277.0,2319.5,2319.5,80919
2019-09-11,2312.0,2390.0,2312.0,2390.0,2390.0,137157
2019-09-12,2366.0,2375.0,2318.5,2369.0,2369.0,106698
2019-09-13,2358.0,2358.0,2309.0,2340.0,2340.0,80801
2019-09-16,2331.5,2349.0,2299.0,2334.5,2334.5,102823
2019-09-17,2312.0,2337.0,2296.5,2308.0,2308.0,109785
2019-09-18,2311.5,2315.5,2230.5,2275.0,2275.0,209292
2019-09-19,2275.0,2275.5,2245.0,2262.0,2262.0,143246
2019-09-20,2262.0,2267.0,2200.0,2218.0,2218.0,255692
2019-09-23,2218.0,2221.0,2190.5,2200.5,2200.5,73880
2019-09-24,2216.5,2269.0,2197.5,2220.5,2220.5,153025
2019-09-25,2207.5,2242.5,2187.5,2206.0,2206.0,131449
2019-09-26,2224.0,2283.5,2200.5,2263.5,2263.5,150513
2019-09-27,2267.0,2287.0,2226.5,2226.5,2226.5,77652
2019-09-30,2235.0,2282.0,2223.5,2279.0,2279.0,86113
2019-10-01,2279.0,2320.5,2275.0,2318.0,2318.0,93388
2019-10-02,2306.5,2315.5,2232.5,2261.5,2261.5,80589
2019-10-03,2262.0,2275.5,2145.5,2155.0,2155.0,148194
2019-10-04,2169.0,2212.0,2137.0,2158.0,2158.0,139365
2019-10-07,2158.0,2158.0,2077.0,2092.0,2092.0,119589
2019-10-08,2097.5,2113.0,2072.0,2106.5,2106.5,66336
2019-10-09,2104.0,2104.0,2080.5,2095.0,2095.0,88384
2019-10-10,2099.5,2099.5,2068.0,2068.0,2068.0,86193
2019-10-11,2082.5,2082.5,1992.5,2007.0,2007.0,160814
2019-10-14,2016.0,2018.5,1982.0,1999.0,1999.0,103047
2019-10-15,1991.5,2041.5,1980.0,2040.0,2040.0,103657
2019-10-16,2039.5,2047.0,2022.5,2040.0,2040.0,84510
2019-10-17,2049.5,2083.5,2012.0,2020.0,2020.0,187507
2019-10-18,2024.0,2050.0,2011.0,2044.5,2044.5,114341
2019-10-21,2036.5,2048.5,1941.5,1963.0,1963.0,301997
2019-10-22,1970.0,2055.0,1917.5,2044.5,2044.5,601969
2019-10-23,2053.5,2132.0,1974.0,2003.0,2003.0,323695
2019-10-24,2003.0,2037.0,1981.0,2030.0,2030.0,200154
2019-10-25,2038.0,2081.5,1961.0,1991.0,1991.0,186590
2019-10-28,1989.0,2070.0,1979.5,2069.0,2069.0,227539
2019-10-29,2070.0,2089.0,2037.5,2080.0,2080.0,154513
2019-10-30,2078.5,2124.0,2050.0,2124.0,2124.0,204821
2019-10-31,2120.0,2147.0,2102.0,2147.0,2147.0,118238
2019-11-01,2142.5,2197.0,2131.0,2168.0,2168.0,235353
2019-11-05,2194.0,2250.0,2194.0,2230.0,2230.0,176128
2019-11-06,2230.5,2269.0,2205.0,2269.0,2269.0,167612
2019-11-07,2246.5,2270.0,2245.0,2265.0,2265.0,144210
2019-11-08,2262.5,2265.0,2203.0,2230.0,2230.0,109134
2019-11-11,2228.0,2243.0,2182.0,2205.5,2205.5,98862
2019-11-12,2202.0,2241.5,2185.0,2221.0,2221.0,89447
2019-11-13,2212.5,2247.5,2171.5,2224.0,2224.0,110737
2019-11-14,2224.5,2230.0,2155.0,2194.5,2194.5,192585
2019-11-15,2184.0,2210.0,2154.5,2157.5,2157.5,72281
2019-11-18,2161.5,2185.5,2138.0,2170.5,2170.5,86784
2019-11-19,2162.0,2209.0,2156.5,2171.0,2171.0,102060
2019-11-20,2166.5,2173.5,2140.5,2150.5,2150.5,73781
2019-11-21,2146.0,2146.0,2085.0,2119.5,2119.5,132958
2019-11-22,2123.5,2155.5,2103.0,2149.0,2149.0,111296
2019-11-25,2150.0,2172.0,2133.5,2160.0,2160.0,93903
2019-11-26,2173.0,2173.0,2120.0,2124.5,2124.5,300551
2019-11-27,2134.0,2150.0,2111.5,2142.5,2142.5,112758
2019-11-28,2143.0,2143.5,2105.0,2115.0,2115.0,56485
2019-11-29,2117.5,2145.5,2098.0,2144.0,2144.0,85087
2019-12-02,2144.0,2159.5,2085.0,2087.5,2087.5,110034
2019-12-03,2097.0,2097.0,2040.5,2056.0,2056.0,111026
2019-12-04,2043.5,2074.5,2037.0,2061.0,2061.0,84459
2019-12-05,2061.0,2071.5,2037.5,2055.0,2055.0,74711
2019-12-06,2046.0,2090.0,2046.0,2090.0,2090.0,76076
2019-12-09,2090.0,2122.0,2070.0,2117.5,2117.5,91107
2019-12-10,2118.5,2134.0,2090.0,2132.5,2132.5,122908
2019-12-11,2132.0,2199.0,2119.5,2181.0,2181.0,143359
2019-12-12,2181.0,2242.0,2181.0,2232.5,2232.5,207548
2019-12-13,2242.0,2248.5,2215.5,2237.5,2237.5,119281
2019-12-16,2237.5,2238.0,2154.0,2154.0,2154.0,235826
2019-12-17,2159.0,2208.5,2140.0,2147.0,2147.0,195720
2019-12-18,2142.0,2175.5,2130.0,2165.0,2165.0,107913
2019-12-19,2155.0,2170.0,2095.0,2110.0,2110.0,253223
2019-12-20,2117.0,2117.0,2055.5,2082.0,2082.0,159185
2019-12-23,2086.0,2113.0,2085.0,2111.0,2111.0,92869
2019-12-24,2110.0,2120.0,2103.0,2118.5,2118.5,57307
2019-12-25,2118.0,2126.5,2082.0,2105.5,2105.5,64117
2019-12-26,2105.5,2109.0,2091.5,2094.5,2094.5,69747
2019-12-27,2100.0,2137.5,2094.5,2131.0,2131.0,113394
2019-12-30,2130.0,2134.5,2106.5,2134.5,2134.5,120760
2020-01-03,2135.5,2139.5,2100.0,2130.5,2130.5,122058
2020-01-06,2130.0,2130.0,2069.0,2119.0,2119.0,140720
2020-01-08,2105.5,2110.5,2089.0,2109.0,2109.0,100484
2020-01-09,2099.5,2152.0,2092.0,2152.0,2152.0,171730
2020-01-10,2152.0,2205.0,2115.0,2202.0,2202.0,242715
2020-01-13,2197.0,2209.5,2161.5,2209.5,2209.5,87859
2020-01-14,2209.5,2224.5,2150.0,2150.5,2150.5,219745
2020-01-15,2150.5,2163.5,2087.5,2095.0,2095.0,334146
2020-01-16,2105.0,2114.0,2090.0,2100.5,2100.5,203146
2020-01-17,2105.0,2113.0,2085.0,2110.0,2110.0,204788
2020-01-20,2110.0,2124.5,2081.0,2089.5,2089.5,379114
2020-01-21,2089.5,2102.5,2061.0,2098.0,2098.0,285265
2020-01-22,2110.0,2153.0,2098.5,2150.5,2150.5,540487
2020-01-23,2149.0,2168.0,2100.0,2167.0,2167.0,258406
2020-01-24,2167.0,2192.5,2137.0,2192.5,2192.5,253323
2020-01-27,2170.0,2236.5,2140.0,2228.0,2228.0,330561
2020-01-28,2230.0,2241.5,2191.0,2205.0,2205.0,242887
2020-01-29,2215.0,2273.0,2170.0,2264.5,2264.5,218983
2020-01-30,2260.0,2356.0,2230.5,2354.5,2354.5,272883
2020-01-31,2354.5,2377.0,2330.5,2335.0,2335.0,186596
2020-02-03,2330.5,2375.5,2315.5,2339.5,2339.5,294637
2020-02-04,2350.0,2364.5,2312.0,2323.5,2323.5,281211
2020-02-05,2323.5,2324.0,2267.0,2283.5,2283.5,329673
2020-02-06,2270.0,2308.0,2251.0,2269.5,2269.5,194052
2020-02-07,2274.5,2284.0,2218.5,2236.0,2236.0,108655
2020-02-10,2238.5,2247.5,2175.0,2175.0,2175.0,119252
2020-02-11,2188.0,2258.5,2144.0,2166.5,2166.5,257728
2020-02-12,2176.0,2195.0,2128.0,2187.0,2187.0,280198
2020-02-13,2185.5,2198.0,2155.5,2177.0,2177.0,165975
2020-02-14,2177.5,2187.5,2143.5,2152.0,2152.0,198791
2020-02-17,2150.0,2174.0,2135.0,2164.0,2164.0,114601
2020-02-18,2164.0,2186.5,2150.5,2172.5,2172.5,159250
2020-02-19,2172.5,2256.5,2166.5,2256.5,2256.5,134739
2020-02-20,2251.0,2269.5,2222.0,2241.5,2241.5,140692
2020-02-21,2232.0,2281.5,2223.0,2252.0,2252.0,93813
2020-02-25,2223.0,2264.5,2156.0,2156.0,2156.0,203732
2020-02-26,2151.5,2225.0,2110.0,2168.5,2168.5,324646
2020-02-27,2165.0,2180.0,2081.0,2102.5,2102.5,248181
2020-02-28,2070.0,2139.5,1893.0,2070.5,2070.5,622734
2020-03-02,2111.5,2166.0,2023.0,2061.0,2061.0,657900
2020-03-03,2077.0,2139.0,2045.5,2088.0,2088.0,224358
2020-03-04,2074.5,2116.0,2032.0,2093.0,2093.0,225320
2020-03-05,2108.5,2124.5,2073.0,2119.0,2119.0,201018
2020-03-06,2112.5,2112.5,1998.0,2000.0,2000.0,296292
2020-03-10,1900.0,1954.0,1810.5,1835.0,1835.0,831830
2020-03-11,1874.0,1908.0,1824.0,1862.5,1862.5,305405
2020-03-12,1820.0,1851.0,1632.5,1643.0,1643.0,387187
2020-03-13,1639.5,1836.5,1609.5,1760.5,1760.5,426547
2020-03-16,1740.0,1868.0,1707.0,1761.5,1761.5,300642
2020-03-17,1797.5,1833.5,1634.5,1647.0,1647.0,423338
2020-03-18,1680.0,1824.0,1670.5,1702.0,1702.0,650065
2020-03-19,1702.0,1818.5,1695.0,1737.5,1737.5,733783
2020-03-20,1775.0,2045.5,1775.0,1951.5,1951.5,740517
2020-03-23,1991.5,2120.0,1851.0,2065.5,2065.5,558546
2020-03-24,2098.0,2258.0,2075.0,2084.0,2084.0,709760
2020-03-25,2087.0,2150.0,1897.5,1974.0,1974.0,652768
2020-03-26,1989.5,2035.0,1904.0,2006.5,2006.5,379731
2020-03-27,2021.0,2021.0,1930.0,1978.0,1978.0,245930
2020-03-30,1980.0,2047.5,1960.0,2020.0,2020.0,288590
2020-03-31,2020.5,2135.0,2020.5,2091.5,2091.5,421391
2020-04-01,2080.0,2157.5,2036.5,2135.0,2135.0,329028
2020-04-02,2140.0,2500.0,2080.5,2182.5,2182.5,319769
2020-04-03,2183.0,2249.5,2120.0,2230.0,2230.0,315018
2020-04-06,2249.0,2346.0,2247.0,2346.0,2346.0,296151
2020-04-07,2362.0,2432.0,2220.0,2255.5,2255.5,512986
2020-04-08,2259.0,2290.0,2183.0,2290.0,2290.0,407923
2020-04-09,2302.5,2305.5,2234.0,2275.0,2275.0,248100
2020-04-10,2253.0,2257.5,2215.0,2224.0,2224.0,81820
2020-04-13,2200.0,2239.0,2152.0,2170.0,2170.0,172832
2020-04-14,2187.0,2227.0,2126.0,2169.5,2169.5,405791
2020-04-15,2168.0,2180.5,2082.5,2106.5,2106.5,180233
2020-04-16,2120.0,2171.0,2080.0,2154.5,2154.5,328618
2020-04-17,2176.0,2210.0,2105.0,2113.0,2113.0,230726
2020-04-20,2119.5,2151.0,2070.5,2081.0,2081.0,173096
2020-04-21,2073.5,2144.5,2028.5,2130.5,2130.5,442464
2020-04-22,2131.0,2232.0,2130.5,2218.0,2218.0,422946
2020-04-23,2225.0,2237.0,2175.0,2205.0,2205.0,220506
2020-04-24,2209.5,2212.5,2132.0,2147.0,2147.0,294198
2020-04-27,2160.0,2201.0,2151.5,2184.0,2184.0,118454
2020-04-28,2180.0,2240.0,2171.5,2195.0,2195.0,381006
2020-04-29,2200.0,2210.0,2175.0,2198.0,2198.0,209825
2020-04-30,2202.5,2222.0,2173.0,2200.5,2200.5,197416
2020-05-04,2178.0,2225.0,2159.5,2207.0,2207.0,250900
2020-05-05,2222.0,2237.0,2182.0,2184.5,2184.5,125198
2020-05-06,2192.5,2192.5,2138.0,2163.5,2163.5,212349
2020-05-07,2164.0,2240.0,2146.0,2238.0,2238.0,311427
2020-05-08,2260.0,2270.0,2218.5,2227.0,2227.0,146573
2020-05-12,2225.5,2258.5,2206.0,2215.0,2215.0,152660
2020-05-13,2215.5,2235.0,2175.5,2217.0,2217.0,156836
2020-05-14,2215.0,2227.5,2176.5,2216.0,2216.0,252422
2020-05-15,2222.0,2245.5,2151.0,2151.0,2151.0,245965
2020-05-18,2161.5,2212.0,2161.5,2212.0,2212.0,185843
2020-05-19,2220.5,2225.5,2167.5,2186.5,2186.5,220562
2020-05-20,2187.0,2206.0,2170.5,2181.5,2181.5,325836
2020-05-21,2188.5,2207.0,2171.5,2207.0,2207.0,250403
2020-05-22,2186.0,2209.0,2182.0,2192.5,2192.5,226216
2020-05-25,2204.0,2248.0,2200.0,2237.0,2237.0,149961
2020-05-26,2250.0,2254.0,2207.0,2224.0,2224.0,409135
2020-05-27,2236.0,2239.0,2193.0,2239.0,2239.0,428537
2020-05-28,2149.0,2195.0,2135.0,2189.5,2189.5,352135
2020-05-29,2190.0,2190.0,2080.0,2089.0,2089.0,936925
2020-06-01,2037.0,2128.0,2037.0,2103.5,2103.5,313647
2020-06-02,2119.0,2180.0,2106.5,2180.0,2180.0,297034
2020-06-03,2180.5,2185.0,2131.5,2163.0,2163.0,297989
2020-06-04,2162.5,2162.5,2100.0,2125.0,2125.0,270781
2020-06-05,2137.0,2154.0,2093.5,2126.0,2126.0,290137
2020-06-08,2130.0,2140.0,2105.5,2120.0,2120.0,268793
2020-06-09,2123.0,2130.5,2052.0,2070.5,2070.5,377209
2020-06-10,2075.0,2204.5,2070.5,2188.5,2188.5,999620
2020-06-11,2175.0,2421.0,2166.0,2345.0,2345.0,1230716
2020-06-15,2352.0,2398.0,2280.0,2329.5,2329.5,473644
2020-06-16,2350.0,2369.5,2305.0,2320.5,2320.5,265086
2020-06-17,2300.5,2337.0,2260.0,2260.0,2260.0,183621
2020-06-18,2250.5,2289.0,2232.0,2267.0,2267.0,391759
2020-06-19,2270.5,2289.5,2235.5,2282.5,2282.5,252948
2020-06-22,2276.5,2362.5,2222.0,2351.0,2351.0,335494
2020-06-23,2341.5,2375.0,2325.0,2369.0,2369.0,189628
2020-06-25,2343.0,2429.0,2343.0,2419.0,2419.0,345110
2020-06-26,2420.0,2492.0,2420.0,2482.0,2482.0,306022
2020-06-29,2486.0,2540.0,2460.5,2518.0,2518.0,220670
2020-06-30,2494.0,2564.0,2490.0,2502.0,2502.0,236283
2020-07-02,2502.5,2535.0,2502.5,2512.5,2512.5,156587
2020-07-03,2515.0,2576.5,2500.0,2566.0,2566.0,86700
2020-07-06,2571.0,2660.0,2545.0,2606.5,2606.5,219488
2020-07-07,2601.5,2679.0,2587.5,2608.5,2608.5,263486
2020-07-08,2615.0,2615.0,2523.0,2537.5,2537.5,182069
2020-07-09,2558.5,2558.5,2461.5,2509.0,2509.0,347297
2020-07-10,2508.5,2549.5,2460.0,2549.5,2549.5,154920
2020-07-13,2536.5,2578.0,2474.0,2509.5,2509.5,119698
2020-07-14,2497.5,2507.0,2430.5,2475.0,2475.0,196734
2020-07-15,2491.0,2505.5,2455.5,2493.0,2493.0,180077
2020-07-16,2502.5,2541.0,2444.0,2541.0,2541.0,177845
2020-07-17,2544.5,2564.0,2504.5,2521.5,2521.5,192041
2020-07-20,2521.0,2521.0,2475.0,2518.0,2518.0,215431
2020-07-21,2520.0,2665.0,2520.0,2654.5,2654.5,342767
2020-07-22,2661.0,2739.5,2640.5,2709.0,2709.0,257000
2020-07-23,2727.5,2785.0,2713.5,2780.0,2780.0,138167
2020-07-24,2777.5,2796.5,2720.5,2790.0,2790.0,168910
2020-07-27,2790.0,2798.0,2760.0,2780.0,2780.0,144775
2020-07-28,2760.5,2869.0,2760.5,2869.0,2869.0,201653
2020-07-29,2870.0,2870.0,2794.5,2839.5,2839.5,175357
2020-07-30,2850.0,2875.0,2770.0,2790.0,2790.0,147700
2020-07-31,2795.5,2824.5,2772.5,2780.0,2780.0,88167
2020-08-03,2780.0,2829.5,2601.0,2770.0,2770.0,92578
2020-08-04,2805.0,2822.5,2770.0,2820.0,2820.0,106676
2020-08-05,2827.0,2838.5,2797.0,2827.0,2827.0,177709
2020-08-06,2839.5,2850.0,2812.0,2849.0,2849.0,99070
2020-08-07,2845.5,2859.0,2820.0,2844.5,2844.5,111949
2020-08-10,2840.5,2877.5,2804.0,2837.0,2837.0,95026
2020-08-11,2827.0,2860.0,2802.0,2815.0,2815.0,139353
2020-08-12,2818.5,2840.0,2751.0,2802.0,2802.0,221021
2020-08-13,2804.5,2889.0,2804.5,2865.5,2865.5,363871
2020-08-14,2875.0,2887.0,2806.0,2828.0,2828.0,193531
2020-08-17,2838.0,2838.0,2785.5,2822.5,2822.5,129272
2020-08-18,2810.5,2838.0,2775.0,2820.0,2820.0,167640
2020-08-19,2829.0,2882.0,2795.0,2806.0,2806.0,205924
2020-08-20,2807.0,2830.0,2788.0,2818.0,2818.0,68433
2020-08-21,2829.5,2834.0,2772.5,2790.0,2790.0,128663
2020-08-24,2790.5,2875.0,2790.5,2866.0,2866.0,143600
2020-08-25,2868.5,2884.5,2821.0,2846.0,2846.0,69237
2020-08-26,2839.0,2853.0,2820.0,2837.0,2837.0,80063
2020-08-27,2840.0,2840.0,2766.0,2774.0,2774.0,167808
2020-08-28,2796.0,2796.0,2690.0,2713.0,2713.0,145901
2020-08-31,2724.5,2750.0,2663.0,2674.0,2674.0,369247
2020-09-01,2706.0,2706.0,2577.0,2622.0,2622.0,276689
2020-09-02,2604.0,2704.5,2591.5,2661.0,2661.0,213588
2020-09-03,2684.5,2684.5,2626.5,2658.0,2658.0,146983
2020-09-04,2663.5,2694.0,2623.0,2672.0,2672.0,110152
2020-09-07,2679.0,2679.0,2622.0,2639.5,2639.5,116295
2020-09-08,2639.5,2709.5,2627.0,2683.0,2683.0,257531
2020-09-09,2675.0,2700.0,2585.0,2603.0,2603.0,173171
2020-09-10,2591.0,2620.5,2585.0,2608.5,2608.5,109949
2020-09-11,2617.5,2619.5,2561.5,2597.5,2597.5,184637
2020-09-14,2613.5,2648.5,2593.5,2623.0,2623.0,138960
2020-09-15,2637.0,2700.0,2608.0,2697.0,2697.0,253929
2020-09-16,2699.5,2727.0,2643.0,2682.5,2682.5,222125
2020-09-17,2662.0,2826.0,2662.0,2809.5,2809.5,505699
2020-09-18,2810.0,2861.0,2786.0,2821.5,2821.5,303264
2020-09-21,2828.0,2850.0,2806.0,2841.5,2841.5,253875
2020-09-22,2824.0,2960.0,2824.0,2893.0,2893.0,235832
2020-09-23,2901.0,3050.0,2870.0,2954.5,2954.5,379355
2020-09-24,2979.0,3031.0,2947.0,2999.5,2999.5,304521
2020-09-25,2990.5,3009.5,2928.0,2965.0,2965.0,230544
2020-09-28,2982.5,3015.0,2921.0,2959.0,2959.0,159013
2020-09-29,2950.0,2960.0,2895.0,2937.0,2937.0,151293
2020-09-30,2928.5,2947.0,2870.5,2887.5,2887.5,129657
2020-10-01,2887.5,2902.5,2806.0,2841.5,2841.5,168089
2020-10-02,2844.0,2897.5,2832.0,2870.0,2870.0,101960
2020-10-05,2890.0,2938.5,2850.5,2915.0,2915.0,165766
2020-10-06,2930.0,2937.5,2880.0,2907.5,2907.5,115095
2020-10-07,2892.5,2904.0,2815.5,2868.5,2868.5,205080
2020-10-08,2881.0,2905.0,2834.0,2845.0,2845.0,77164
2020-10-09,2859.5,2865.0,2810.0,2825.0,2825.0,111196
2020-10-12,2834.5,2955.0,2821.0,2955.0,2955.0,209536
2020-10-13,2939.5,2988.0,2873.0,2880.0,2880.0,169870
2020-10-14,2897.5,3036.5,2884.5,3031.5,3031.5,235822
2020-10-15,3038.0,3052.0,2963.0,3005.0,3005.0,180744
2020-10-16,2991.5,3087.0,2990.0,3070.0,3070.0,252725
2020-10-19,3081.0,3140.0,3050.5,3119.0,3119.0,150850
2020-10-20,3119.5,3134.5,3001.0,3024.5,3024.5,147063
2020-10-21,3030.0,3030.0,2944.0,2964.5,2964.5,184746
2020-10-22,2964.0,2989.0,2926.0,2969.0,2969.0,159280
2020-10-23,2972.0,2996.5,2930.0,2994.5,2994.5,156434
2020-10-26,2999.0,3087.0,2840.5,2882.5,2882.5,398247
2020-10-27,2861.5,2914.0,2782.5,2824.5,2824.5,447007
2020-10-28,2829.5,2847.5,2701.5,2797.0,2797.0,442730
2020-10-29,2838.5,2838.5,2741.0,2781.0,2781.0,203298
2020-10-30,2775.0,2820.0,2701.0,2776.5,2776.5,192842
2020-11-02,2788.0,2878.0,2729.0,2856.0,2856.0,185301
2020-11-03,2826.5,2893.5,2788.0,2840.0,2840.0,249146
2020-11-05,2855.0,2890.5,2804.5,2829.0,2829.0,528365
2020-11-06,2819.0,2866.5,2804.0,2846.5,2846.5,233182
2020-11-09,2860.5,2897.5,2804.0,2841.0,2841.0,571570
2020-11-10,2861.0,2875.0,2774.5,2822.0,2822.0,280218
2020-11-11,2805.0,2829.0,2658.0,2733.5,2733.5,445159
2020-11-12,2734.0,2815.5,2700.0,2784.5,2784.5,425739
2020-11-13,2800.0,2810.0,2740.0,2776.5,2776.5,182404
2020-11-16,2798.0,2812.0,2755.0,2772.0,2772.0,307718
2020-11-17,2772.0,2784.0,2703.0,2729.5,2729.5,217955
2020-11-18,2738.5,2748.5,2700.0,2729.0,2729.0,277163
2020-11-19,2746.5,2747.0,2700.0,2720.0,2720.0,221255
2020-11-20,2706.0,2725.0,2657.5,2675.0,2675.0,304017
2020-11-23,2673.5,2709.0,2606.0,2637.0,2637.0,527780
2020-11-24,2639.5,2649.5,2590.0,2612.0,2612.0,462713
2020-11-25,2614.5,2635.0,2580.0,2633.0,2633.0,437471
2020-11-26,2641.0,2734.5,2634.5,2727.0,2727.0,856063
2020-11-27,2739.5,2799.0,2727.0,2775.0,2775.0,580742
2020-11-30,2769.5,2824.5,2710.0,2746.5,2746.5,893247
2020-12-01,2749.5,2840.0,2740.0,2814.0,2814.0,484422
2020-12-02,2810.5,2860.0,2793.0,2829.0,2829.0,314941
2020-12-03,2839.5,2850.0,2758.0,2783.5,2783.5,280759
2020-12-04,2795.5,2820.0,2765.5,2786.0,2786.0,251007
2020-12-07,2782.0,2809.0,2772.0,2772.0,2772.0,191189
2020-12-08,2786.5,2787.0,2702.5,2737.5,2737.5,414119
2020-12-09,2740.0,2858.0,2726.5,2830.5,2830.5,822012
2020-12-10,2837.0,2888.0,2837.0,2860.5,2860.5,551317
2020-12-11,2870.0,2886.0,2825.0,2858.0,2858.0,362671
2020-12-14,2865.0,2905.5,2837.0,2890.0,2890.0,527289
2020-12-15,2883.0,2904.0,2847.0,2889.5,2889.5,334571
2020-12-16,2899.5,2909.0,2810.0,2831.5,2831.5,471406
2020-12-17,2783.5,2800.0,2741.0,2766.5,2766.5,660566
2020-12-18,2770.0,2771.5,2720.0,2740.0,2740.0,319047
2020-12-21,2747.0,2770.0,2653.0,2688.0,2688.0,459750
2020-12-22,2683.0,2731.5,2673.5,2720.5,2720.5,228258
2020-12-23,2730.0,2747.5,2677.5,2695.5,2695.5,260639
2020-12-24,2707.5,2719.0,2678.0,2691.0,2691.0,161169
2020-12-25,2700.0,2740.0,2690.0,2731.5,2731.5,119472
2020-12-28,2734.5,2760.5,2727.0,2742.5,2742.5,128312
2020-12-29,2740.5,2765.0,2738.0,2745.0,2745.0,179721
2020-12-30,2753.5,2763.5,2727.5,2749.0,2749.0,241138
2021-01-04,2753.5,2781.5,2741.5,2752.5,2752.5,294903
2021-01-05,2765.0,2887.0,2742.0,2863.0,2863.0,550600
2021-01-06,2873.5,2873.5,2785.0,2816.0,2816.0,297220
2021-01-08,2823.0,2870.0,2806.5,2830.0,2830.0,393114
2021-01-11,2813.5,2850.0,2788.0,2815.5,2815.5,406672
2021-01-12,2806.5,2825.0,2751.0,2774.5,2774.5,315196
2021-01-13,2765.5,2796.5,2725.5,2772.5,2772.5,347685
2021-01-14,2770.0,2789.0,2751.0,2765.5,2765.5,218620
2021-01-15,2761.0,2769.5,2687.0,2708.0,2708.0,295249
2021-01-18,2700.0,2733.0,2692.5,2725.5,2725.5,114927
2021-01-19,2729.0,2795.0,2725.0,2774.5,2774.5,274056
2021-01-20,2775.0,2835.0,2756.0,2785.0,2785.0,289565
2021-01-21,2799.0,2815.0,2764.0,2805.0,2805.0,348660
2021-01-22,2800.5,2829.0,2750.0,2800.0,2800.0,349749
2021-01-25,2804.5,2828.0,2769.0,2818.0,2818.0,277336
2021-01-26,2805.0,2821.0,2765.0,2782.0,2782.0,179718
2021-01-27,2785.0,2799.0,2747.0,2770.0,2770.0,250878
2021-01-28,2760.0,2789.0,2725.0,2767.5,2767.5,185048
2021-01-29,2765.5,2775.0,2679.5,2690.5,2690.5,319988
2021-02-01,2707.5,2713.5,2665.0,2687.0,2687.0,236423
2021-02-02,2690.0,2705.0,2676.5,2695.5,2695.5,226668
2021-02-03,2689.5,2729.5,2684.0,2710.0,2710.0,201487
2021-02-04,2705.0,2714.0,2650.0,2662.0,2662.0,495289
2021-02-05,2678.5,2678.5,2616.5,2649.5,2649.5,445644
2021-02-08,2644.0,2669.5,2627.5,2644.0,2644.0,368461
2021-02-09,2659.0,2659.0,2625.5,2627.0,2627.0,345476
2021-02-10,2634.5,2640.0,2595.5,2615.0,2615.0,400017
2021-02-11,2618.0,2623.0,2600.5,2604.5,2604.5,203079
2021-02-12,2612.5,2612.5,2540.0,2602.0,2602.0,581320
2021-02-15,2607.5,2660.5,2607.5,2656.0,2656.0,471378
2021-02-16,2661.0,2673.0,2647.0,2664.5,2664.5,316035
2021-02-17,2664.0,2678.0,2610.0,2639.5,2639.5,317666
2021-02-18,2639.0,2640.0,2561.5,2579.0,2579.0,467323
2021-02-19,2583.0,2583.0,2543.0,2577.5,2577.5,353388
2021-02-20,2573.0,2592.5,2565.0,2591.0,2591.0,47220
2021-02-22,2590.0,2600.0,2518.0,2536.5,2536.5,301177
2021-02-24,2540.0,2540.0,2454.0,2480.5,2480.5,519965
2021-02-25,2483.0,2509.5,2461.5,2483.5,2483.5,309532
2021-02-26,2485.0,2485.0,2395.0,2452.5,2452.5,557504
2021-03-01,2463.0,2479.0,2405.0,2439.0,2439.0,445625
2021-03-02,2429.0,2460.0,2420.0,2449.0,2449.0,453088
2021-03-03,2455.5,2505.0,2452.5,2474.0,2474.0,489253
2021-03-04,2477.0,2490.0,2411.0,2422.5,2422.5,381061
2021-03-05,2426.0,2473.5,2407.0,2446.0,2446.0,352974
2021-03-09,2446.0,2470.0,2423.0,2435.0,2435.0,364602
2021-03-10,2435.0,2463.0,2414.0,2425.5,2425.5,303507
2021-03-11,2436.0,2520.0,2427.5,2518.5,2518.5,379341
2021-03-12,2513.5,2516.5,2466.0,2488.0,2488.0,367737
2021-03-15,2488.5,2527.5,2458.0,2500.0,2500.0,510161
2021-03-16,2515.0,2524.5,2463.5,2490.0,2490.0,371702
2021-03-17,2490.0,2579.0,2488.0,2575.5,2575.5,703152
2021-03-18,2571.0,2678.0,2564.0,2609.5,2609.5,1096406
2021-03-19,2638.5,2659.0,2524.0,2545.0,2545.0,1160616
2021-03-22,2533.0,2594.5,2457.5,2483.5,2483.5,742471
2021-03-23,2483.0,2490.0,2422.0,2431.0,2431.0,751140
2021-03-24,2430.0,2441.0,2403.5,2433.5,2433.5,452759
2021-03-25,2440.0,2440.0,2381.0,2409.5,2409.5,525260
2021-03-26,2414.0,2421.5,2372.0,2395.0,2395.0,527993
2021-03-29,2398.0,2419.5,2372.0,2411.5,2411.5,530479
2021-03-30,2415.0,2415.5,2382.5,2400.0,2400.0,344464
2021-03-31,2408.0,2457.0,2381.0,2448.0,2448.0,638081
2021-04-01,2448.0,2455.0,2420.0,2435.0,2435.0,461659
2021-04-02,2437.5,2448.0,2425.0,2444.0,2444.0,259414
2021-04-05,2454.5,2454.5,2426.5,2448.0,2448.0,165382
2021-04-06,2448.5,2453.0,2382.5,2394.0,2394.0,591300
2021-04-07,2394.0,2399.0,2363.0,2379.5,2379.5,450045
2021-04-08,2380.5,2404.0,2357.5,2397.0,2397.0,443025
2021-04-09,2394.0,2400.0,2368.0,2386.0,2386.0,230159
2021-04-12,2386.0,2429.0,2369.5,2421.0,2421.0,350105
2021-04-13,2430.5,2434.5,2381.0,2411.0,2411.0,391327
2021-04-14,2405.0,2408.5,2373.5,2383.0,2383.0,567046
2021-04-15,2370.5,2408.0,2370.5,2392.0,2392.0,335259
2021-04-16,2409.0,2411.5,2378.0,2389.0,2389.0,319126
2021-04-19,2399.0,2406.5,2385.0,2392.0,2392.0,249693
2021-04-20,2397.0,2398.5,2347.0,2372.0,2372.0,477371
2021-04-21,2374.0,2391.0,2349.0,2385.0,2385.0,384575
2021-04-22,2388.5,2404.5,2370.0,2385.5,2385.5,356618
2021-04-23,2386.0,2388.0,2365.5,2372.0,2372.0,455685
2021-04-26,2377.5,2385.5,2344.5,2371.5,2371.5,734772
2021-04-27,2372.0,2422.0,2351.0,2362.5,2362.5,910751
2021-04-28,2365.0,2367.5,2350.0,2362.0,2362.0,327038
2021-04-29,2363.0,2381.5,2341.5,2352.5,2352.5,536923
2021-04-30,2355.5,2355.5,2310.0,2322.5,2322.5,399953
2021-05-04,2324.0,2335.0,2278.0,2309.0,2309.0,436371
2021-05-05,2312.0,2398.5,2308.5,2394.5,2394.5,749753
2021-05-06,2398.5,2418.0,2364.5,2392.5,2392.5,566057
2021-05-07,2397.0,2400.5,2365.5,2375.5,2375.5,363281
2021-05-10,2376.5,2379.0,2355.0,2363.0,2363.0,264031
2021-05-11,2361.5,2372.0,2343.0,2368.0,2368.0,241462
2021-05-12,2371.0,2387.5,2351.5,2357.5,2357.5,281324
2021-05-13,2358.0,2365.5,2316.5,2341.0,2341.0,354251
2021-05-14,2342.0,2354.0,2330.5,2345.0,2345.0,125893
2021-05-17,2339.0,2349.5,2303.0,2329.5,2329.5,411131
2021-05-18,2331.5,2347.0,2311.0,2332.0,2332.0,672111
2021-05-19,2342.5,2343.0,2245.0,2276.0,2276.0,1143965
2021-05-20,2276.5,2277.5,2215.5,2230.0,2230.0,800342
2021-05-21,2231.0,2287.5,2231.0,2269.5,2269.5,444464
2021-05-24,2265.0,2284.5,2255.0,2283.5,2283.5,348666
2021-05-25,2287.0,2291.5,2251.5,2257.0,2257.0,479723
2021-05-26,2258.5,2274.0,2244.0,2261.0,2261.0,746286
2021-05-27,2166.5,2214.5,2160.0,2209.0,2209.0,1335911
2021-05-28,2209.0,2213.0,2187.5,2204.0,2204.0,360147
2021-05-31,2215.0,2239.0,2204.5,2229.5,2229.5,252527
2021-06-01,2231.0,2232.0,2196.5,2212.5,2212.5,689906
2021-06-02,2215.0,2220.0,2197.0,2216.5,2216.5,621795
2021-06-03,2217.0,2255.0,2208.5,2252.5,2252.5,589143
2021-06-04,2259.0,2265.0,2226.5,2248.0,2248.0,452932
2021-06-07,2259.0,2278.5,2250.5,2263.5,2263.5,386229
2021-06-08,2264.0,2270.0,2246.0,2260.5,2260.5,251546
2021-06-09,2258.0,2291.5,2251.0,2283.0,2283.0,417796
2021-06-10,2283.0,2295.5,2273.0,2280.5,2280.5,405887
2021-06-11,2279.5,2330.0,2278.5,2318.0,2318.0,529412
2021-06-14,2329.0,2335.0,2301.0,2306.5,2306.5,281569
2021-06-15,2309.0,2311.5,2267.0,2299.0,2299.0,373171
2021-06-16,2301.5,2352.5,2293.0,2332.5,2332.5,687193
2021-06-17,2329.0,2396.5,2325.0,2380.0,2380.0,863895
2021-06-18,2380.0,2395.0,2347.0,2374.5,2374.5,628264
2021-06-21,2351.5,2418.0,2345.5,2413.0,2413.0,548316
2021-06-22,2415.0,2428.0,2388.5,2410.0,2410.0,374895
2021-06-23,2412.0,2445.0,2403.0,2426.0,2426.0,650151
2021-06-24,2423.0,2462.0,2418.0,2444.0,2444.0,555318
2021-06-25,2454.0,2507.0,2449.5,2495.5,2495.5,740084
2021-06-28,2486.0,2546.5,2486.0,2539.5,2539.5,492675
2021-06-29,2541.0,2578.0,2522.5,2560.5,2560.5,905343
2021-06-30,2545.0,2583.0,2453.0,2533.0,2533.0,748783
2021-07-01,2530.0,2572.0,2530.0,2556.5,2556.5,521988
2021-07-02,2557.5,2590.0,2544.5,2563.5,2563.5,436628
2021-07-05,2555.0,2584.5,2551.0,2575.0,2575.0,315133
2021-07-06,2578.0,2590.0,2551.0,2562.0,2562.0,531154
2021-07-07,2570.0,2574.0,2503.0,2513.0,2513.0,434931
2021-07-08,2513.0,2518.0,2457.5,2495.5,2495.5,652125
2021-07-09,2500.0,2504.5,2466.5,2479.0,2479.0,235152
2021-07-12,2480.0,2489.0,2462.5,2487.5,2487.5,165589
2021-07-13,2483.5,2489.0,2441.0,2483.5,2483.5,364913
2021-07-14,2485.5,2487.0,2441.5,2457.5,2457.5,341689
2021-07-15,2450.0,2474.0,2421.5,2435.0,2435.0,298196
2021-07-16,2440.0,2458.0,2379.5,2390.0,2390.0,398860
2021-07-19,2395.0,2399.0,2350.5,2372.5,2372.5,401016
2021-07-20,2371.5,2385.0,2354.0,2375.5,2375.5,299448
2021-07-21,2380.0,2383.5,2323.0,2339.5,2339.5,188412
2021-07-22,2347.0,2347.5,2301.0,2343.5,2343.5,404709
2021-07-23,2346.5,2350.0,2306.5,2340.0,2340.0,278750
2021-07-26,2340.0,2346.0,2315.5,2330.0,2330.0,259204
2021-07-27,2333.0,2340.5,2312.0,2326.0,2326.0,443289
2021-07-28,2312.0,2384.5,2312.0,2375.0,2375.0,379409
2021-07-29,2377.0,2400.0,2343.5,2395.0,2395.0,401119
2021-07-30,2390.0,2410.0,2365.0,2378.0,2378.0,243466
2021-08-02,2398.0,2401.0,2376.0,2386.0,2386.0,233893
2021-08-03,2400.0,2410.0,2365.0,2399.0,2399.0,292458
2021-08-04,2400.0,2422.0,2376.0,2386.5,2386.5,291840
2021-08-05,2387.0,2420.0,2375.0,2420.0,2420.0,211547
2021-08-06,2420.0,2422.0,2380.0,2388.5,2388.5,219101
2021-08-09,2382.0,2404.0,2375.0,2390.0,2390.0,153443
2021-08-10,2393.0,2440.0,2390.0,2438.5,2438.5,369214
2021-08-11,2445.0,2474.0,2422.0,2458.5,2458.5,357647
2021-08-12,2458.5,2472.5,2434.0,2456.5,2456.5,208103
2021-08-13,2455.0,2488.0,2431.0,2451.5,2451.5,732897
2021-08-16,2441.0,2449.0,2378.0,2418.0,2418.0,512739
2021-08-17,2416.0,2492.5,2414.5,2466.5,2466.5,467223
2021-08-18,2467.0,2505.0,2466.0,2490.0,2490.0,183367
2021-08-19,2473.5,2529.0,2462.0,2502.0,2502.0,444107
2021-08-20,2502.0,2529.0,2455.5,2492.0,2492.0,213959
2021-08-23,2500.0,2508.0,2472.0,2494.5,2494.5,256379
2021-08-24,2490.0,2526.0,2490.0,2518.5,2518.5,276894
2021-08-25,2518.5,2525.0,2469.5,2482.5,2482.5,404701
2021-08-26,2492.0,2492.0,2435.0,2444.0,2444.0,449565
2021-08-27,2445.0,2480.0,2436.5,2473.0,2473.0,262200
2021-08-30,2473.0,2484.0,2462.0,2465.0,2465.0,140933
2021-08-31,2474.0,2474.5,2413.0,2420.5,2420.5,459724
2021-09-01,2445.0,2471.0,2425.5,2463.5,2463.5,355188
2021-09-02,2463.0,2475.0,2411.0,2419.5,2419.5,403931
2021-09-03,2420.0,2432.0,2380.0,2395.5,2395.5,392760
2021-09-06,2387.0,2433.5,2387.0,2415.5,2415.5,423061
2021-09-07,2415.5,2420.0,2358.0,2393.0,2393.0,835168
2021-09-08,2395.0,2414.5,2386.0,2394.5,2394.5,255161
2021-09-09,2401.5,2401.5,2350.5,2355.0,2355.0,453129
2021-09-10,2360.0,2371.5,2314.0,2323.5,2323.5,684610
2021-09-13,2335.0,2359.0,2293.0,2355.5,2355.5,494353
2021-09-14,2361.0,2361.0,2293.5,2314.0,2314.0,570051
2021-09-15,2314.5,2332.5,2295.5,2317.5,2317.5,385920
2021-09-16,2317.5,2343.0,2303.0,2339.0,2339.0,450425
2021-09-17,2345.5,2359.5,2315.0,2329.5,2329.5,623629
2021-09-20,2320.0,2327.0,2277.5,2291.0,2291.0,411100
2021-09-21,2308.0,2340.5,2300.0,2323.5,2323.5,391460
2021-09-22,2325.0,2335.5,2306.5,2316.0,2316.0,468230
2021-09-23,2325.0,2353.0,2320.5,2346.0,2346.0,374602
2021-09-24,2346.0,2376.0,2339.0,2373.0,2373.0,285564
2021-09-27,2379.0,2386.5,2350.0,2354.5,2354.5,255165
2021-09-28,2357.0,2370.0,2324.5,2344.5,2344.5,426074
2021-09-29,2338.5,2397.0,2337.0,2370.0,2370.0,465637
2021-09-30,2374.5,2376.0,2344.0,2352.0,2352.0,385312
2021-10-01,2341.0,2348.0,2327.5,2336.0,2336.0,173283
2021-10-04,2334.5,2347.5,2290.0,2332.5,2332.5,513633
2021-10-05,2316.5,2359.0,2306.5,2346.0,2346.0,362215
2021-10-06,2351.0,2395.0,2332.0,2388.5,2388.5,607089
2021-10-07,2390.0,2446.0,2382.5,2426.0,2426.0,468344
2021-10-08,2422.0,2449.5,2400.5,2416.5,2416.5,282470
2021-10-11,2416.5,2442.5,2399.5,2423.5,2423.5,214486
2021-10-12,2400.0,2428.5,2400.0,2407.5,2407.5,152386
2021-10-13,2407.5,2463.5,2402.5,2459.5,2459.5,345563
2021-10-14,2460.0,2469.0,2423.5,2430.5,2430.5,280379
2021-10-15,2435.0,2439.0,2358.5,2377.0,2377.0,594549
2021-10-18,2379.0,2379.0,2330.5,2349.0,2349.0,339980
2021-10-19,2339.0,2387.5,2337.5,2380.0,2380.0,339660
2021-10-20,2380.0,2390.0,2355.0,2385.0,2385.0,190818
2021-10-21,2388.0,2388.0,2344.0,2362.0,2362.0,253664
2021-10-22,2362.0,2411.0,2356.5,2388.5,2388.5,398940
2021-10-25,2400.0,2477.0,2394.0,2470.0,2470.0,948697
2021-10-26,2470.0,2492.5,2424.5,2443.0,2443.0,711294
2021-10-27,2443.0,2494.0,2431.5,2474.0,2474.0,574982
2021-10-28,2474.0,2483.0,2387.0,2423.5,2423.5,851842
2021-10-29,2413.0,2420.0,2390.0,2409.0,2409.0,235570
2021-11-01,2395.5,2438.5,2355.0,2422.5,2422.5,542496
2021-11-02,2422.0,2447.0,2406.0,2410.0,2410.0,244121
2021-11-03,2419.5,2434.0,2393.0,2420.0,2420.0,353237
2021-11-05,2430.0,2430.0,2384.0,2390.0,2390.0,338418
2021-11-08,2405.0,2445.0,2395.5,2417.0,2417.0,336827
2021-11-09,2417.0,2474.5,2407.5,2455.5,2455.5,625296
2021-11-10,2464.5,2470.0,2436.5,2442.5,2442.5,235499
2021-11-11,2450.0,2462.5,2415.5,2430.5,2430.5,355800
2021-11-12,2431.0,2456.0,2368.0,2401.0,2401.0,668642
2021-11-15,2401.0,2407.0,2377.5,2390.0,2390.0,328160
2021-11-16,2399.5,2407.0,2350.5,2362.5,2362.5,387526
2021-11-17,2368.5,2369.5,2338.0,2344.5,2344.5,294665
2021-11-18,2344.5,2349.0,2262.0,2291.0,2291.0,887536
2021-11-19,2294.0,2310.5,2235.5,2249.0,2249.0,908319
2021-11-22,2249.0,2249.0,2175.0,2205.5,2205.5,799149
2021-11-23,2214.0,2219.5,2157.0,2195.0,2195.0,712718
2021-11-24,2200.5,2228.5,2165.5,2176.0,2176.0,514341
2021-11-25,2181.0,2199.5,2141.5,2180.0,2180.0,595642
2021-11-26,2164.0,2175.5,2073.0,2088.0,2088.0,911434
2021-11-29,2096.0,2116.0,2035.0,2060.0,2060.0,779104
2021-11-30,2051.0,2106.0,2025.0,2073.0,2073.0,832290
2021-12-01,2080.0,2149.5,2080.0,2116.0,2116.0,676239
2021-12-02,2128.0,2152.0,2111.0,2131.0,2131.0,280413
2021-12-03,2139.0,2143.5,2076.0,2085.0,2085.0,646881
2021-12-06,2085.5,2121.0,2049.5,2082.5,2082.5,393262
2021-12-07,2090.0,2109.5,2063.0,2091.5,2091.5,411310
2021-12-08,2099.5,2139.0,2082.0,2101.5,2101.5,601702
2021-12-09,2109.0,2135.0,2101.0,2133.5,2133.5,344007
2021-12-10,2136.0,2136.0,2077.5,2098.0,2098.0,311161
2021-12-13,2099.0,2118.5,2032.5,2037.5,2037.5,408159
2021-12-14,2038.5,2067.0,1899.5,2057.0,2057.0,781853
2021-12-15,2057.0,2115.0,2035.0,2082.0,2082.0,741812
2021-12-16,2023.0,2053.5,2003.0,2011.0,2011.0,787374
2021-12-17,2014.0,2031.5,1997.0,2031.0,2031.0,337179
2021-12-20,2029.0,2029.5,1947.0,1972.5,1972.5,481603
2021-12-21,1980.0,2007.5,1946.0,1970.0,1970.0,475113
2021-12-22,1977.0,2001.5,1956.0,1989.0,1989.0,417521
2021-12-23,1999.5,1999.5,1925.0,1930.0,1930.0,466667
2021-12-24,1933.0,1949.0,1907.0,1946.0,1946.0,246594
2021-12-27,1949.5,1957.0,1923.5,1947.0,1947.0,380406
2021-12-28,1949.5,1954.0,1923.5,1926.0,1926.0,481085
2021-12-29,1926.0,1949.5,1914.0,1924.0,1924.0,300983
2021-12-30,1925.5,1965.5,1920.0,1959.5,1959.5,652274
2022-01-03,1962.5,1996.5,1957.5,1994.0,1994.0,250932
2022-01-04,1990.0,2037.0,1986.0,2019.0,2019.0,416702
2022-01-05,2019.0,2049.5,1953.0,1966.5,1966.5,386304
2022-01-06,1967.0,2027.0,1960.0,1991.5,1991.5,386897
2022-01-10,2000.0,2022.0,1990.5,2010.0,2010.0,283409
2022-01-11,2048.0,2048.0,1992.0,2001.5,2001.5,309593
2022-01-12,2001.5,2025.5,1991.5,2011.5,2011.5,437399
2022-01-13,2013.5,2018.0,1903.0,1923.5,1923.5,722957
2022-01-14,1927.5,1942.5,1806.0,1885.0,1885.0,909203
2022-01-17,1892.0,1899.5,1827.0,1859.5,1859.5,603164
2022-01-18,1860.0,1873.0,1686.5,1759.5,1759.5,1144595
2022-01-19,1776.0,1829.0,1691.5,1770.0,1770.0,1057644
2022-01-20,1770.0,1829.0,1732.0,1756.5,1756.5,671140
2022-01-21,1748.0,1822.0,1731.0,1758.0,1758.0,1090397
2022-01-24,1775.5,1775.5,1626.0,1683.5,1683.5,1099174
2022-01-25,1684.0,1710.0,1576.5,1620.5,1620.5,1235917
2022-01-26,1621.0,1730.5,1590.0,1650.0,1650.0,1229557
2022-01-27,1640.0,1740.0,1626.0,1739.5,1739.5,856902
2022-01-28,1721.0,1763.0,1691.0,1715.5,1715.5,582582
2022-01-31,1725.0,1783.5,1720.5,1745.0,1745.0,603721
2022-02-01,1755.0,1775.0,1711.0,1745.0,1745.0,510335
2022-02-02,1744.5,1759.0,1711.5,1742.0,1742.0,455690
2022-02-03,1743.5,1743.5,1632.0,1636.0,1636.0,699485
2022-02-04,1640.0,1693.5,1638.0,1655.5,1655.5,734239
2022-02-07,1656.0,1683.0,1631.0,1646.0,1646.0,290947
2022-02-08,1650.0,1714.0,1637.5,1714.0,1714.0,676474
2022-02-09,1715.0,1775.0,1714.5,1764.0,1764.0,655348
2022-02-10,1764.0,1823.5,1738.0,1781.5,1781.5,527222
2022-02-11,1781.5,1793.0,1670.0,1695.0,1695.0,902928
2022-02-14,1673.0,1754.0,1633.0,1727.0,1727.0,1048031
2022-02-15,1730.5,1802.0,1709.5,1795.0,1795.0,709304
2022-02-16,1795.5,1922.5,1795.5,1873.5,1873.5,1078324
2022-02-17,1887.0,1887.0,1790.0,1836.5,1836.5,713659
2022-02-18,1857.5,1879.5,1750.0,1773.5,1773.5,619271
2022-02-21,1760.5,1834.5,1520.5,1549.5,1549.5,1406798
2022-02-22,1527.0,1737.0,1417.5,1720.0,1720.0,2055014
2022-02-24,1546.0,1546.0,942.0,1271.0,1271.0,1660475
2022-02-25,1226.0,1487.0,1150.0,1179.0,1179.0,1215622
2022-03-29,1200.0,1271.0,1080.0,1130.0,1130.0,564989
2022-03-30,1229.5,1290.0,1165.5,1274.5,1274.5,266300
2022-03-31,1305.0,1490.0,1300.5,1440.5,1440.5,349522
2022-04-01,1483.0,1600.0,1450.0,1451.0,1451.0,310838
2022-04-04,1497.0,1505.0,1361.5,1414.5,1414.5,249344
2022-04-05,1414.5,1416.0,1244.5,1300.0,1300.0,293110
2022-04-06,1298.0,1356.0,1250.0,1325.0,1325.0,136422
2022-04-07,1325.0,1390.0,1265.5,1275.5,1275.5,149165
2022-04-08,1275.5,1325.0,1224.0,1257.0,1257.0,144119
2022-04-11,1257.0,1299.0,1190.0,1234.0,1234.0,89649
2022-04-12,1218.0,1230.0,1171.0,1187.0,1187.0,110521
2022-04-13,1194.5,1197.0,1140.5,1148.0,1148.0,101820
2022-04-14,1154.0,1154.0,1088.0,1094.0,1094.0,101511
2022-04-15,1085.0,1129.5,1056.0,1125.0,1125.0,99893
2022-04-18,1129.5,1163.0,1112.0,1132.0,1132.0,112801
2022-04-19,1135.0,1176.0,1063.5,1094.5,1094.5,197227
2022-04-20,1099.5,1154.0,1090.5,1135.0,1135.0,88723
2022-04-21,1154.5,1160.0,1112.0,1153.0,1153.0,65243
2022-04-22,1149.5,1150.0,1097.0,1107.5,1107.5,49302
2022-04-25,1090.0,1090.0,1001.0,1007.5,1007.5,185351
2022-04-26,1008.0,1030.0,980.5,1015.5,1015.5,164885
2022-04-27,1030.0,1119.5,1017.5,1119.5,1119.5,186472
2022-04-28,1119.0,1175.0,1085.5,1085.5,1085.5,185399
2022-04-29,1095.0,1109.5,1080.5,1096.5,1096.5,41358
2022-05-04,1090.0,1115.0,1060.0,1061.0,1061.0,46567
2022-05-05,1079.0,1084.5,1050.0,1051.0,1051.0,54220
2022-05-06,1062.5,1062.5,1027.5,1030.0,1030.0,37965
2022-05-11,1027.0,1081.0,981.0,1000.0,1000.0,111472
2022-05-12,1005.0,1009.5,942.0,960.5,960.5,89150
2022-05-13,979.0,979.0,949.0,964.0,964.0,47015
2022-05-16,965.5,1040.0,964.0,1024.0,1024.0,78676
2022-05-17,1041.5,1070.0,1029.5,1057.5,1057.5,86412
2022-05-18,1071.0,1119.0,1058.0,1086.5,1086.5,103971
2022-05-19,1099.0,1099.0,999.0,1049.5,1049.5,68643
2022-05-20,1058.5,1063.5,979.5,994.0,994.0,136457
2022-05-23,1004.0,1005.0,946.0,951.0,951.0,71907
2022-05-24,963.0,967.0,899.0,908.5,908.5,147857
2022-05-25,915.0,968.0,912.0,949.0,949.0,132270
2022-05-26,955.0,978.5,920.0,948.0,948.0,155116
2022-05-27,950.0,958.0,927.5,933.0,933.0,69672
2022-05-30,936.5,946.0,900.0,910.0,910.0,87906
2022-05-31,906.5,911.5,891.0,904.0,904.0,61603
2022-06-01,905.0,939.0,903.0,916.0,916.0,109602
2022-06-02,925.0,925.0,892.0,905.0,905.0,61685
2022-06-03,905.0,909.0,836.0,846.5,846.5,137376
2022-06-06,838.0,843.5,763.0,784.0,784.0,183786
2022-06-07,794.0,838.0,735.0,836.5,836.5,244838
2022-06-08,839.5,897.0,836.5,892.0,892.0,291689
2022-06-09,892.5,904.5,816.0,853.0,853.0,185734
2022-06-10,843.0,845.0,802.0,806.0,806.0,120733
2022-06-14,782.0,839.5,778.0,803.5,803.5,127935
2022-06-15,825.0,825.0,792.0,809.0,809.0,97413
2022-06-16,815.0,829.5,812.5,824.0,824.0,81844
2022-06-17,828.0,839.5,822.0,826.0,826.0,60015
2022-06-20,827.5,845.0,827.0,837.5,837.5,74516
2022-06-21,838.0,848.5,822.0,831.0,831.0,69990
2022-06-22,817.5,830.5,801.5,812.0,812.0,68737
2022-06-23,817.0,847.0,806.0,842.0,842.0,70729
2022-06-24,841.0,898.5,834.0,898.0,898.0,140296
2022-06-27,902.5,968.0,899.5,967.5,967.5,187949
2022-06-28,970.0,997.5,937.5,983.5,983.5,180993
2022-06-29,982.0,1050.0,943.0,1019.0,1019.0,239894
2022-06-30,1000.0,1030.0,962.0,981.0,981.0,129665
2022-07-01,981.0,996.5,951.5,975.0,975.0,63052
2022-07-04,957.0,1031.0,957.0,1029.0,1029.0,107028
2022-07-05,1035.0,1098.5,1016.0,1054.5,1054.5,132878
2022-07-06,1054.0,1100.0,1028.5,1095.0,1095.0,117520
2022-07-07,1096.0,1159.0,1095.5,1149.5,1149.5,201080
2022-07-08,1150.5,1196.0,1102.0,1147.5,1147.5,204077
2022-07-11,1143.0,1158.0,1129.5,1138.0,1138.0,84664
2022-07-12,1134.0,1134.0,1071.0,1108.0,1108.0,103639
2022-07-13,1120.0,1144.0,1091.5,1124.5,1124.5,125971
2022-07-14,1140.0,1149.0,1107.0,1119.5,1119.5,93016
2022-07-15,1120.0,1143.5,1115.0,1137.0,1137.0,38190
2022-07-18,1150.0,1214.5,1140.5,1208.5,1208.5,178913
2022-07-19,1207.5,1280.0,1156.5,1246.0,1246.0,237966
2022-07-20,1236.5,1296.0,1195.0,1260.0,1260.0,191528
2022-07-21,1260.0,1275.0,1205.5,1235.5,1235.5,125399
2022-07-22,1238.0,1285.0,1236.0,1282.5,1282.5,73341
2022-07-25,1296.0,1389.0,1286.0,1389.0,1389.0,131689
2022-07-26,1390.5,1420.0,1320.0,1333.5,1333.5,260528
2022-07-27,1333.5,1333.5,1257.0,1313.0,1313.0,121700
2022-07-28,1315.0,1365.0,1308.0,1334.0,1334.0,125144
2022-07-29,1335.5,1350.0,1320.0,1345.0,1345.0,69157
2022-08-01,1330.5,1370.0,1302.0,1343.0,1343.0,135855
2022-08-02,1362.5,1401.5,1304.0,1318.0,1318.0,330406
2022-08-03,1324.0,1350.0,1286.0,1306.0,1306.0,84668
2022-08-04,1304.0,1304.0,1237.0,1251.5,1251.5,170226
2022-08-05,1251.5,1290.0,1170.0,1176.0,1176.0,177390
2022-08-08,1290.0,1290.0,1214.5,1232.0,1232.0,108067
2022-08-09,1232.0,1260.0,1206.5,1255.0,1255.0,122460
2022-08-10,1270.0,1314.5,1231.0,1292.5,1292.5,179589
2022-08-11,1307.0,1320.0,1272.0,1272.5,1272.5,84354
2022-08-12,1273.0,1304.0,1237.5,1288.0,1288.0,63808
2022-08-15,1308.0,1343.0,1292.5,1334.0,1334.0,119005
2022-08-16,1339.5,1370.0,1339.5,1365.0,1365.0,82024
2022-08-17,1370.0,1378.0,1340.5,1350.0,1350.0,54691
2022-08-18,1349.0,1349.0,1310.0,1328.0,1328.0,57892
2022-08-19,1324.5,1324.5,1284.5,1300.0,1300.0,52304
2022-08-22,1307.0,1320.0,1293.0,1313.0,1313.0,69053
2022-08-23,1316.0,1369.0,1313.5,1367.0,1367.0,87289
2022-08-24,1370.0,1395.5,1327.0,1355.5,1355.5,84622
2022-08-25,1365.0,1400.0,1356.5,1398.5,1398.5,155629
2022-08-26,1405.0,1425.0,1383.0,1422.0,1422.0,119070
2022-08-29,1430.0,1439.5,1410.5,1431.0,1431.0,80921
2022-08-30,1440.0,1440.0,1355.0,1380.0,1380.0,117930
2022-08-31,1390.0,1419.0,1380.0,1400.0,1400.0,65755
2022-09-01,1400.0,1426.0,1390.0,1412.5,1412.5,54804
2022-09-02,1416.5,1435.0,1405.5,1435.0,1435.0,50164
2022-09-05,1440.0,1449.0,1406.5,1429.5,1429.5,59585
2022-09-06,1433.0,1445.5,1350.0,1364.0,1364.0,182003
2022-09-07,1364.0,1371.5,1314.0,1351.5,1351.5,134590
2022-09-08,1359.0,1366.5,1307.0,1326.0,1326.0,88055
2022-09-09,1325.0,1360.0,1314.5,1359.0,1359.0,54203
2022-09-12,1352.5,1444.5,1289.0,1424.5,1424.5,193319
2022-09-13,1429.0,1492.0,1415.0,1489.0,1489.0,259094
2022-09-14,1488.0,1489.5,1446.0,1475.5,1475.5,166742
2022-09-15,1480.0,1529.5,1478.0,1519.5,1519.5,170252
2022-09-16,1520.0,1545.0,1471.0,1504.0,1504.0,167120
2022-09-19,1504.0,1521.0,1463.0,1490.5,1490.5,90769
2022-09-20,1490.5,1496.0,1305.0,1360.0,1360.0,337636
2022-09-21,1209.0,1368.5,1160.0,1259.5,1259.5,304329
2022-09-22,1259.5,1316.0,1231.0,1264.5,1264.5,231445
2022-09-23,1265.0,1271.0,1201.5,1250.5,1250.5,200673
2022-09-26,1250.0,1250.0,1012.0,1050.0,1050.0,338734
2022-09-27,1055.0,1135.0,1050.0,1086.0,1086.0,211740
2022-09-28,1086.0,1159.5,1050.0,1137.5,1137.5,198736
2022-09-29,1141.0,1163.5,1085.5,1128.0,1128.0,202123
2022-09-30,1130.0,1199.5,1101.5,1191.0,1191.0,280545
2022-10-03,1200.0,1329.5,1200.0,1312.5,1312.5,300980
2022-10-04,1318.5,1392.5,1290.0,1340.0,1340.0,311379
2022-10-05,1345.0,1408.5,1290.5,1387.0,1387.0,441842
2022-10-06,1391.0,1399.0,1350.0,1374.0,1374.0,167473
2022-10-07,1370.0,1380.0,1335.5,1340.0,1340.0,137248
2022-10-10,1300.0,1395.0,1276.0,1375.0,1375.0,327106
2022-10-11,1382.0,1445.0,1373.5,1429.5,1429.5,295294
2022-10-12,1440.0,1478.5,1420.0,1436.0,1436.0,157871
2022-10-13,1431.5,1496.5,1423.5,1479.0,1479.0,188402
2022-10-14,1480.0,1515.0,1480.0,1514.5,1514.5,181907
2022-10-17,1512.0,1552.0,1490.0,1511.5,1511.5,283786
2022-10-18,1510.0,1525.0,1453.0,1455.0,1455.0,221131
2022-10-19,1456.0,1497.0,1456.0,1496.5,1496.5,210445
2022-10-20,1497.0,1540.0,1490.0,1516.5,1516.5,182388
2022-10-21,1516.0,1551.0,1495.0,1550.0,1550.0,164469
2022-10-24,1553.5,1598.5,1553.5,1596.0,1596.0,226814
2022-10-25,1600.0,1630.0,1578.0,1608.0,1608.0,299859
2022-10-26,1618.0,1618.0,1595.0,1596.5,1596.5,96404
2022-10-27,1596.5,1610.0,1581.0,1603.0,1603.0,177781
2022-10-28,1603.0,1619.0,1581.0,1611.0,1611.0,112828
2022-10-31,1610.5,1614.5,1588.0,1595.0,1595.0,117454
2022-11-01,1596.0,1610.0,1590.5,1600.5,1600.5,59268
2022-11-02,1604.5,1605.5,1539.0,1560.0,1560.0,139178
2022-11-03,1560.0,1605.0,1521.5,1604.0,1604.0,146044
2022-11-07,1615.0,1645.0,1607.5,1619.5,1619.5,171756
2022-11-08,1619.0,1638.5,1600.5,1611.5,1611.5,94927
2022-11-09,1611.0,1622.5,1547.5,1559.5,1559.5,110362
2022-11-10,1559.5,1581.5,1512.5,1560.0,1560.0,211069
2022-11-11,1565.0,1588.5,1560.0,1567.5,1567.5,66159
2022-11-14,1570.0,1612.0,1567.5,1587.0,1587.0,89160
2022-11-15,1597.0,1602.0,1460.0,1532.0,1532.0,201853
2022-11-16,1544.0,1573.5,1540.0,1559.5,1559.5,73277
2022-11-17,1563.5,1578.5,1544.5,1552.5,1552.5,45414
2022-11-18,1555.5,1559.0,1529.0,1544.5,1544.5,45680
2022-11-21,1550.0,1550.0,1492.0,1523.0,1523.0,125631
2022-11-22,1528.5,1536.5,1503.5,1513.0,1513.0,55345
2022-11-23,1523.5,1544.5,1511.5,1533.0,1533.0,58437
2022-11-24,1535.0,1565.0,1530.5,1560.5,1560.5,57865
2022-11-25,1565.0,1569.0,1531.0,1546.5,1546.5,42991
2022-11-28,1536.0,1556.5,1522.0,1539.5,1539.5,41841
2022-11-29,1548.0,1552.5,1529.5,1540.0,1540.0,33156
2022-11-30,1541.0,1569.0,1532.0,1548.5,1548.5,93904
2022-12-01,1558.0,1558.0,1535.0,1540.5,1540.5,31383
2022-12-02,1539.5,1545.0,1524.5,1538.0,1538.0,43208
2022-12-05,1539.5,1544.0,1513.0,1534.0,1534.0,53555
2022-12-06,1527.0,1542.0,1515.0,1534.5,1534.5,61108
2022-12-07,1527.5,1536.0,1521.0,1530.0,1530.0,30747
2022-12-08,1530.0,1537.5,1515.5,1531.0,1531.0,61102
2022-12-09,1531.5,1544.0,1516.0,1530.0,1530.0,55986
2022-12-12,1531.0,1540.0,1518.5,1522.5,1522.5,41359
2022-12-13,1528.5,1531.5,1513.0,1525.0,1525.0,40668
2022-12-14,1529.5,1560.0,1525.0,1543.5,1543.5,111164
2022-12-15,1544.0,1565.0,1501.5,1522.5,1522.5,103922
2022-12-16,1522.0,1546.0,1513.0,1533.0,1533.0,100558
2022-12-19,1528.5,1565.0,1505.0,1538.5,1538.5,114577
2022-12-20,1547.0,1590.0,1534.0,1564.0,1564.0,92733
2022-12-21,1580.0,1580.0,1547.0,1554.5,1554.5,48408
2022-12-22,1554.5,1594.5,1551.0,1592.0,1592.0,60767
2022-12-23,1592.0,1605.0,1572.0,1580.0,1580.0,84334
2022-12-26,1574.5,1583.5,1528.5,1548.0,1548.0,169959
2022-12-27,1552.0,1556.5,1531.5,1539.5,1539.5,52284
2022-12-28,1546.0,1546.0,1509.5,1520.0,1520.0,75874
2022-12-29,1522.0,1530.0,1513.0,1522.5,1522.5,40590
2022-12-30,1522.5,1525.5,1474.0,1500.5,1500.5,85100
2023-01-03,1500.5,1516.0,1485.5,1513.0,1513.0,30546
2023-01-04,1514.0,1522.0,1507.5,1515.0,1515.0,25436
2023-01-05,1515.0,1519.5,1497.0,1502.0,1502.0,23673
2023-01-06,1500.0,1503.0,1481.0,1498.0,1498.0,31055
2023-01-09,1500.5,1508.0,1491.0,1497.0,1497.0,38758
2023-01-10,1496.5,1496.5,1476.0,1489.5,1489.5,33922
2023-01-11,1486.5,1520.0,1484.0,1519.0,1519.0,81421
2023-01-12,1520.5,1520.5,1492.0,1505.0,1505.0,97742
2023-01-13,1501.0,1531.5,1493.5,1527.0,1527.0,68213
2023-01-16,1532.5,1570.5,1527.5,1557.0,1557.0,137719
2023-01-17,1557.0,1570.0,1519.5,1525.0,1525.0,111058
2023-01-18,1527.5,1555.5,1503.0,1512.0,1512.0,155442
2023-01-19,1530.0,1530.0,1485.5,1512.0,1512.0,66617
2023-01-20,1512.0,1520.0,1496.0,1510.0,1510.0,48363
2023-01-23,1510.0,1535.0,1510.0,1534.0,1534.0,74894
2023-01-24,1540.0,1564.0,1511.0,1513.0,1513.0,108532
2023-01-25,1513.0,1514.0,1497.0,1506.0,1506.0,52750
2023-01-26,1511.0,1515.5,1496.5,1503.5,1503.5,48941
2023-01-27,1506.0,1513.0,1490.5,1503.5,1503.5,66073
2023-01-30,1508.5,1510.5,1490.5,1504.5,1504.5,55285
2023-01-31,1505.0,1505.5,1495.5,1505.5,1505.5,46732
2023-02-01,1509.0,1509.0,1498.0,1507.0,1507.0,43843
2023-02-02,1508.5,1512.0,1495.5,1505.5,1505.5,72765
2023-02-03,1505.5,1516.0,1495.5,1505.0,1505.0,50959
2023-02-06,1505.0,1548.0,1504.5,1539.5,1539.5,142746
2023-02-07,1539.5,1555.0,1526.5,1537.5,1537.5,109677
2023-02-08,1539.0,1546.0,1495.5,1516.0,1516.0,130382
2023-02-09,1520.0,1533.0,1510.5,1524.0,1524.0,37976
2023-02-10,1523.5,1547.0,1515.0,1540.0,1540.0,77640
2023-02-13,1540.5,1553.0,1540.5,1543.5,1543.5,70692
2023-02-14,1545.5,1547.5,1507.0,1526.0,1526.0,83347
2023-02-15,1524.0,1524.0,1410.0,1452.0,1452.0,196330
2023-02-16,1460.5,1497.5,1389.0,1417.5,1417.5,208323
2023-02-17,1417.0,1426.0,1392.5,1415.5,1415.5,67768
2023-02-20,1415.0,1425.5,1390.0,1411.5,1411.5,58952
2023-02-21,1411.5,1469.0,1411.5,1464.0,1464.0,99860
2023-02-22,1466.5,1466.5,1450.0,1456.5,1456.5,31164
2023-02-24,1463.5,1480.0,1440.0,1462.0,1462.0,29633
2023-02-27,1440.0,1466.5,1424.5,1464.0,1464.0,64597
2023-02-28,1468.0,1477.0,1457.0,1466.0,1466.0,43077
2023-03-01,1469.0,1470.0,1459.0,1467.5,1467.5,49153
2023-03-02,1468.0,1480.0,1442.0,1454.5,1454.5,90081
2023-03-03,1458.5,1473.0,1455.0,1469.5,1469.5,33683
2023-03-06,1472.0,1492.0,1471.0,1489.0,1489.0,59946
2023-03-07,1485.0,1519.0,1483.0,1507.5,1507.5,139624
2023-03-09,1508.0,1524.0,1500.0,1505.5,1505.5,67621
2023-03-10,1502.0,1508.0,1490.0,1497.5,1497.5,45797
2023-03-13,1502.0,1515.0,1485.5,1501.5,1501.5,76465
2023-03-14,1508.0,1508.0,1491.5,1500.0,1500.0,55533
2023-03-15,1504.5,1507.5,1438.5,1463.0,1463.0,165971
2023-03-16,1462.5,1466.5,1410.0,1440.0,1440.0,204728
2023-03-17,1451.0,1459.0,1421.0,1452.0,1452.0,184156
2023-03-20,1457.0,1477.0,1439.0,1470.5,1470.5,151569
2023-03-21,1474.0,1480.0,1429.5,1442.5,1442.5,181944
2023-03-22,1443.0,1444.5,1414.0,1418.5,1418.5,122493
2023-03-23,1420.5,1433.0,1408.5,1410.0,1410.0,102866
2023-03-24,1413.5,1417.0,1395.5,1400.0,1400.0,184421
2023-03-27,1407.0,1421.5,1399.0,1406.0,1406.0,267291
2023-03-28,1407.0,1407.0,1380.0,1397.5,1397.5,198271
2023-03-29,1397.5,1420.0,1391.5,1420.0,1420.0,189841
2023-03-30,1421.0,1435.0,1411.5,1433.5,1433.5,246398
2023-03-31,1439.0,1452.0,1405.5,1429.0,1429.0,225310
2023-04-03,1435.0,1435.5,1413.5,1425.0,1425.0,114559
2023-04-04,1425.0,1428.5,1401.0,1410.5,1410.5,117997
2023-04-05,1410.5,1419.0,1393.0,1412.0,1412.0,118960
2023-04-06,1412.0,1420.0,1398.0,1410.0,1410.0,141416
2023-04-07,1412.5,1425.5,1396.0,1409.0,1409.0,153597
2023-04-10,1414.0,1440.0,1413.0,1440.0,1440.0,177082
2023-04-11,1440.5,1468.0,1411.0,1429.5,1429.5,284918
2023-04-12,1433.0,1448.5,1422.5,1432.5,1432.5,89721
2023-04-13,1432.0,1445.0,1420.0,1438.5,1438.5,62910
2023-04-14,1440.0,1449.5,1424.0,1447.0,1447.0,54858
2023-04-17,1453.0,1473.0,1445.0,1465.5,1465.5,222231
2023-04-18,1473.5,1538.5,1471.0,1532.0,1532.0,406091
2023-04-19,1535.0,1570.0,1506.0,1537.5,1537.5,381999
2023-04-20,1540.0,1560.0,1520.5,1545.0,1545.0,164015
2023-04-21,1545.0,1552.0,1507.0,1539.5,1539.5,100016
2023-04-24,1539.5,1592.0,1530.5,1584.5,1584.5,250139
2023-04-25,1584.5,1587.5,1547.5,1562.5,1562.5,144323
2023-04-26,1563.0,1566.5,1550.5,1557.5,1557.5,61333
2023-04-27,1562.5,1578.0,1520.5,1564.5,1564.5,215587
2023-04-28,1569.5,1572.5,1536.5,1550.0,1550.0,71666
2023-05-02,1563.5,1567.0,1466.0,1487.5,1487.5,212929
2023-05-03,1489.5,1495.0,1400.0,1412.0,1412.0,354173
2023-05-04,1420.0,1446.0,1406.0,1430.0,1430.0,142417
2023-05-05,1438.0,1439.0,1401.0,1408.5,1408.5,152420
2023-05-08,1408.5,1420.0,1401.5,1408.0,1408.0,62717
2023-05-10,1413.0,1440.5,1400.0,1440.5,1440.5,256425
2023-05-11,1445.0,1474.0,1415.0,1438.0,1438.0,271137
2023-05-12,1442.5,1460.0,1422.5,1447.0,1447.0,104597
2023-05-15,1454.0,1473.0,1453.0,1470.0,1470.0,88383
2023-05-16,1474.5,1486.0,1459.5,1483.5,1483.5,94071
2023-05-17,1493.5,1493.5,1455.0,1466.0,1466.0,77844
2023-05-18,1469.0,1469.0,1431.0,1458.0,1458.0,105246
2023-05-19,1458.0,1469.0,1440.5,1464.5,1464.5,90865
2023-05-22,1469.0,1503.0,1461.0,1498.5,1498.5,144684
2023-05-23,1500.0,1511.5,1480.0,1497.0,1497.0,131927
2023-05-24,1505.0,1509.5,1481.5,1500.0,1500.0,105890
2023-05-25,1500.0,1503.5,1461.0,1488.0,1488.0,98990
2023-05-26,1492.5,1509.0,1490.0,1503.0,1503.0,93950
2023-05-29,1512.0,1534.0,1506.0,1529.0,1529.0,149852
2023-05-30,1520.5,1522.5,1351.5,1496.0,1496.0,277215
2023-05-31,1497.5,1500.0,1471.5,1495.5,1495.5,99218
2023-06-01,1499.5,1510.5,1483.0,1502.0,1502.0,135069
2023-06-02,1500.0,1528.5,1490.0,1510.0,1510.0,155997
2023-06-05,1514.5,1522.5,1472.0,1483.0,1483.0,133111
2023-06-06,1479.0,1489.5,1459.0,1474.5,1474.5,124527
2023-06-07,1479.0,1502.0,1468.5,1484.5,1484.5,116047
2023-06-08,1488.5,1520.0,1477.5,1514.0,1514.0,162347
2023-06-09,1515.0,1517.0,1495.0,1497.0,1497.0,83629
2023-06-13,1499.0,1541.0,1495.5,1535.5,1535.5,252676
2023-06-14,1540.0,1556.0,1509.5,1546.5,1546.5,259071
2023-06-15,1553.0,1559.5,1520.0,1553.5,1553.5,322837
2023-06-16,1549.5,1550.5,1530.0,1539.5,1539.5,167524
2023-06-19,1549.0,1554.5,1520.0,1544.5,1544.5,161040
2023-06-20,1545.0,1547.5,1511.0,1526.0,1526.0,153116
2023-06-21,1531.0,1540.0,1520.0,1528.0,1528.0,125603
2023-06-22,1528.0,1545.0,1521.0,1522.5,1522.5,145855
2023-06-23,1520.0,1532.5,1473.0,1477.5,1477.5,186909
2023-06-26,1517.0,1517.0,1450.0,1488.0,1488.0,196744
2023-06-27,1490.0,1515.0,1480.0,1498.5,1498.5,159012
2023-06-28,1504.5,1514.0,1493.0,1507.0,1507.0,92860
2023-06-29,1517.0,1522.0,1505.5,1521.0,1521.0,136661
2023-06-30,1521.5,1523.5,1504.0,1511.0,1511.0,80496
2023-07-03,1511.5,1530.0,1510.0,1523.0,1523.0,101010
2023-07-04,1523.0,1532.0,1515.0,1517.5,1517.5,104238
2023-07-05,1520.0,1550.0,1519.0,1534.5,1534.5,117307
2023-07-06,1539.5,1545.0,1520.0,1529.5,1529.5,96264
2023-07-07,1529.5,1533.5,1506.0,1528.0,1528.0,112732
2023-07-10,1532.0,1557.0,1529.0,1548.5,1548.5,149600
2023-07-11,1553.5,1606.0,1545.0,1597.5,1597.5,439149
2023-07-12,1608.5,1712.0,1601.5,1707.5,1707.5,2165620
2023-07-13,1710.0,1734.0,1681.5,1721.5,1721.5,1489740
2023-07-14,1713.5,1745.0,1694.5,1734.0,1734.0,733081
2023-07-17,1731.5,1849.0,1725.0,1841.0,1841.0,1430491
2023-07-18,1844.0,1855.0,1792.5,1830.5,1830.5,1533595
2023-07-19,1830.0,1990.0,1829.0,1958.0,1958.0,2335189
2023-07-20,1965.0,2015.0,1871.5,1931.5,1931.5,2063327
2023-07-21,1930.0,1966.5,1912.0,1943.0,1943.0,522710
2023-07-24,1946.0,1980.0,1933.0,1972.0,1972.0,541094
2023-07-25,1985.0,2084.0,1977.5,2082.5,2082.5,1552165
2023-07-26,2082.5,2133.0,2022.0,2052.5,2052.5,968519
2023-07-27,2059.0,2063.5,2017.0,2044.0,2044.0,610565
2023-07-28,2043.0,2158.5,2027.0,2132.0,2132.0,1283917
2023-07-31,2140.0,2148.0,2091.0,2119.0,2119.0,672929
2023-08-01,2131.0,2144.0,2078.5,2103.0,2103.0,554039
2023-08-02,2103.0,2117.0,2094.5,2099.0,2099.0,271903
2023-08-03,2100.0,2244.0,2060.0,2205.0,2205.0,1435190
2023-08-04,2210.0,2229.0,2062.5,2120.5,2120.5,1127760
2023-08-07,2134.5,2159.0,2067.0,2076.5,2076.5,503089
2023-08-08,2075.0,2208.5,2018.5,2204.0,2204.0,1135537
2023-08-09,2210.0,2225.0,2165.0,2180.5,2180.5,625155
2023-08-10,2180.0,2206.0,2171.5,2197.0,2197.0,262536
2023-08-11,2202.0,2220.0,2186.0,2204.5,2204.5,392802
2023-08-14,2210.0,2277.0,2123.5,2159.0,2159.0,1175437
2023-08-15,2154.5,2235.0,2101.0,2161.0,2161.0,849808
2023-08-16,2172.0,2196.0,2091.5,2150.0,2150.0,588900
2023-08-17,2175.0,2241.0,2125.0,2229.0,2229.0,709963
2023-08-18,2230.0,2260.0,2211.5,2237.5,2237.5,557717
2023-08-21,2249.0,2285.5,2222.5,2281.5,2281.5,636258
2023-08-22,2290.0,2350.0,2250.0,2315.0,2315.0,713669
2023-08-23,2315.5,2359.5,2280.0,2299.0,2299.0,851349
2023-08-24,2315.0,2344.0,2295.5,2334.5,2334.5,215469
2023-08-25,2342.0,2357.0,2325.0,2347.5,2347.5,268920
2023-08-28,2354.0,2379.0,2351.5,2369.5,2369.5,193625
2023-08-29,2369.5,2373.5,2326.5,2350.0,2350.0,243428
2023-08-30,2349.5,2355.0,2307.0,2328.0,2328.0,210160
2023-08-31,2326.5,2337.5,2290.0,2332.5,2332.5,302771
2023-09-01,2333.0,2348.0,2306.0,2321.5,2321.5,232513
2023-09-04,2330.0,2373.0,2320.0,2366.0,2366.0,260042
2023-09-05,2370.0,2403.0,2301.0,2342.0,2342.0,601620
2023-09-06,2342.0,2346.0,2320.0,2325.5,2325.5,149153
2023-09-07,2325.0,2333.0,2211.5,2243.5,2243.5,419125
2023-09-08,2240.0,2302.5,2172.0,2263.0,2263.0,435176
2023-09-11,2260.0,2349.0,2210.0,2326.5,2326.5,790503
2023-09-12,2340.5,2413.0,2331.0,2410.0,2410.0,537982
2023-09-13,2410.5,2413.0,2349.5,2374.5,2374.5,344116
2023-09-14,2378.0,2397.0,2273.0,2368.0,2368.0,435914
2023-09-15,2365.0,2435.0,2346.5,2426.0,2426.0,307864
2023-09-18,2426.0,2445.0,2366.0,2392.0,2392.0,368540
2023-09-19,2392.0,2395.0,2287.0,2299.0,2299.0,407187
2023-09-20,2300.0,2308.5,2205.0,2251.0,2251.0,464655
2023-09-21,2251.0,2254.5,2130.0,2141.0,2141.0,453934
2023-09-22,2150.0,2171.0,2104.0,2126.5,2126.5,698940
2023-09-25,2141.5,2148.0,2080.5,2115.0,2115.0,322853
2023-09-26,2115.0,2245.5,2092.0,2223.0,2223.0,602212
2023-09-27,2235.0,2290.5,2201.0,2246.0,2246.0,536772
2023-09-28,2247.0,2262.5,2220.0,2252.0,2252.0,241709
2023-09-29,2250.0,2272.5,2226.5,2234.0,2234.0,218833
2023-10-02,2234.0,2272.0,2230.0,2259.5,2259.5,230581
2023-10-03,2255.5,2325.0,2230.5,2321.5,2321.5,406602
2023-10-04,2325.0,2327.5,2275.0,2289.5,2289.5,224416
2023-10-05,2290.0,2294.5,2253.0,2280.0,2280.0,132979
2023-10-06,2286.5,2317.5,2260.5,2296.0,2296.0,208769
2023-10-09,2302.0,2315.0,2290.5,2302.0,2302.0,149300
2023-10-10,2313.0,2348.0,2295.0,2344.0,2344.0,197832
2023-10-11,2345.0,2359.0,2315.0,2323.0,2323.0,282316
2023-10-12,2315.0,2339.0,2310.0,2325.5,2325.5,120537
2023-10-13,2328.0,2334.0,2320.0,2329.0,2329.0,83783
2023-10-16,2349.5,2402.0,2339.0,2401.5,2401.5,439147
2023-10-17,2408.5,2425.0,2371.5,2385.0,2385.0,414959
2023-10-18,2385.0,2395.0,2350.5,2374.0,2374.0,242843
2023-10-19,2365.5,2396.5,2350.0,2376.5,2376.5,201734
2023-10-20,2382.0,2409.5,2335.0,2389.0,2389.0,231332
2023-10-23,2399.5,2409.0,2360.0,2379.0,2379.0,243885
2023-10-24,2379.0,2409.5,2351.5,2401.0,2401.0,330616
2023-10-25,2409.5,2440.0,2395.0,2414.5,2414.5,456379
2023-10-26,2423.0,2425.0,2371.5,2372.0,2372.0,339019
2023-10-27,2374.0,2392.5,2352.0,2366.0,2366.0,175767
2023-10-30,2366.0,2370.5,2330.0,2333.5,2333.5,180404
2023-10-31,2333.5,2336.0,2255.5,2271.5,2271.5,368544
2023-11-01,2271.5,2299.5,2261.5,2271.0,2271.0,181427
2023-11-02,2272.5,2324.0,2272.5,2293.0,2293.0,219119
2023-11-03,2300.0,2307.0,2272.0,2277.0,2277.0,95034
2023-11-06,2281.0,2325.0,2273.5,2320.5,2320.5,63758
2023-11-07,2321.0,2351.0,2317.5,2339.5,2339.5,149644
2023-11-08,2345.0,2349.0,2304.0,2307.5,2307.5,183904
2023-11-09,2300.5,2332.0,2300.5,2310.0,2310.0,163338
2023-11-10,2310.0,2316.5,2270.5,2287.5,2287.5,131623
2023-11-13,2297.5,2307.5,2282.0,2294.5,2294.5,155358
2023-11-14,2294.5,2294.5,2215.0,2237.0,2237.0,291323
2023-11-15,2235.0,2255.5,2218.0,2235.0,2235.0,182293
2023-11-16,2240.5,2240.5,2187.5,2198.0,2198.0,220306
2023-11-17,2196.5,2208.5,2172.0,2204.5,2204.5,237929
2023-11-20,2204.5,2229.0,2195.5,2223.5,2223.5,207541
2023-11-21,2227.0,2227.0,2168.0,2186.0,2186.0,366896
2023-11-22,2181.5,2225.0,2175.5,2204.0,2204.0,241548
2023-11-23,2203.0,2221.5,2171.0,2180.0,2180.0,218983
2023-11-24,2188.5,2199.5,2159.0,2179.0,2179.0,119998
2023-11-27,2183.0,2194.0,2122.0,2140.5,2140.5,212792
2023-11-28,2145.0,2165.0,2117.0,2151.0,2151.0,145013
2023-11-29,2158.5,2193.0,2135.0,2149.5,2149.5,177414
2023-11-30,2150.0,2154.0,2110.5,2122.5,2122.5,200534
2023-12-01,2115.0,2139.0,2066.0,2074.0,2074.0,171631
2023-12-04,2060.0,2078.5,2002.5,2031.5,2031.5,307609
2023-12-05,2031.5,2075.5,2028.5,2065.0,2065.0,184420
2023-12-06,2070.5,2090.0,2002.0,2008.0,2008.0,226580
2023-12-07,2007.5,2035.0,1971.0,2012.5,2012.5,315376
2023-12-08,2015.0,2039.5,1986.5,2003.0,2003.0,131429
2023-12-11,2005.0,2005.0,1882.0,1900.0,1900.0,385790
2023-12-12,1907.5,1975.0,1883.5,1919.0,1919.0,382727
2023-12-13,1910.0,1940.0,1880.5,1926.5,1926.5,325413
2023-12-14,1930.0,1947.5,1888.0,1892.0,1892.0,148125
2023-12-15,1892.0,1969.5,1845.5,1954.0,1954.0,504803
2023-12-18,1972.5,2059.5,1960.0,2040.0,2040.0,724210
2023-12-19,2040.0,2045.0,2004.0,2020.5,2020.5,286169
2023-12-20,2021.0,2034.5,2010.0,2019.5,2019.5,281462
2023-12-21,2020.0,2023.5,1965.0,1994.0,1994.0,379744
2023-12-22,1994.0,2026.0,1979.0,1995.0,1995.0,227001
2023-12-25,1999.5,2036.5,1986.5,2023.0,2023.0,476351
2023-12-26,2031.5,2033.5,1999.5,2019.5,2019.5,277907
2023-12-27,2021.5,2097.0,2020.5,2080.5,2080.5,830712
2023-12-28,2090.0,2150.0,2060.0,2107.0,2107.0,808783
2023-12-29,2123.5,2210.5,2081.5,2204.0,2204.0,960951
2024-01-03,2212.5,2238.0,2205.0,2222.5,2222.5,243550
2024-01-04,2220.0,2225.0,2202.5,2208.0,2208.0,121831
2024-01-05,2214.0,2217.5,2184.0,2203.0,2203.0,119883
2024-01-08,2201.5,2260.0,2201.5,2259.0,2259.0,262148
2024-01-09,2257.0,2258.5,2195.5,2235.5,2235.5,309876
2024-01-10,2234.0,2250.0,2217.5,2230.0,2230.0,175807
2024-01-11,2230.0,2342.5,2225.0,2316.5,2316.5,536841
2024-01-12,2325.0,2377.0,2290.0,2306.5,2306.5,403215
2024-01-15,2312.0,2336.0,2293.0,2326.0,2326.0,218122
2024-01-16,2326.0,2330.0,2261.0,2267.5,2267.5,252297
2024-01-17,2267.5,2295.0,2245.5,2256.5,2256.5,191245
2024-01-18,2255.0,2289.0,2213.5,2234.0,2234.0,265422
2024-01-19,2227.0,2234.0,2186.0,2209.0,2209.0,282718
2024-01-22,2249.0,2319.0,2217.5,2308.5,2308.5,512222
2024-01-23,2320.0,2324.5,2277.5,2296.0,2296.0,333215
2024-01-24,2301.0,2330.0,2287.0,2318.0,2318.0,425476
2024-01-25,2324.5,2325.0,2251.5,2272.0,2272.0,337778
2024-01-26,2270.5,2277.0,2240.0,2260.0,2260.0,247846
2024-01-29,2265.0,2300.0,2261.0,2295.5,2295.5,231538
2024-01-30,2296.0,2404.0,2289.5,2402.5,2402.5,768294
2024-01-31,2407.0,2443.5,2358.5,2379.0,2379.0,654408
2024-02-01,2386.5,2428.0,2375.0,2405.5,2405.5,391019
2024-02-02,2405.5,2413.5,2365.0,2391.0,2391.0,331140
2024-02-05,2391.0,2395.0,2334.5,2352.0,2352.0,408618
2024-02-06,2358.5,2364.5,2337.0,2355.5,2355.5,148385
2024-02-07,2362.5,2462.0,2355.5,2462.0,2462.0,643824
2024-02-08,2463.0,2489.0,2388.5,2404.0,2404.0,697779
2024-02-09,2403.5,2449.0,2374.0,2434.0,2434.0,568963
2024-02-12,2440.0,2474.5,2410.0,2450.0,2450.0,397387
2024-02-13,2465.0,2522.0,2453.0,2509.5,2509.5,491531
2024-02-14,2513.0,2538.0,2475.0,2482.5,2482.5,292042
2024-02-15,2494.5,2514.0,2467.0,2494.0,2494.0,224010
2024-02-16,2505.0,2529.5,2482.0,2491.5,2491.5,294552
2024-02-19,2491.0,2491.5,2423.0,2438.5,2438.5,258657
2024-02-20,2440.5,2485.5,2335.0,2358.5,2358.5,567241
2024-02-21,2359.0,2399.5,2307.5,2335.5,2335.5,475777
2024-02-22,2336.0,2418.0,2336.0,2369.5,2369.5,372077
2024-02-26,2435.0,2509.5,2408.5,2501.0,2501.0,323031
2024-02-27,2503.0,2509.5,2470.5,2497.5,2497.5,291077
2024-02-28,2503.5,2600.0,2497.5,2582.5,2582.5,594901
2024-02-29,2584.5,2650.0,2560.0,2609.0,2609.0,393680
2024-03-01,2622.5,2648.5,2583.0,2610.0,2610.0,287930
2024-03-04,2611.0,2719.5,2603.0,2699.5,2699.5,941805
2024-03-05,2709.0,2780.0,2660.0,2673.0,2673.0,1335925
2024-03-06,2680.0,2681.0,2611.5,2623.5,2623.5,479301
2024-03-07,2623.5,2714.0,2617.5,2708.0,2708.0,611062
2024-03-11,2730.0,2746.0,2680.0,2703.5,2703.5,720786
2024-03-12,2703.5,2745.0,2656.5,2733.0,2733.0,468881
2024-03-13,2738.0,2756.5,2711.0,2717.5,2717.5,315989
2024-03-14,2723.5,2725.0,2670.5,2695.0,2695.0,267140
2024-03-15,2695.5,2712.0,2681.0,2695.0,2695.0,175412
2024-03-18,2719.0,2731.5,2675.0,2685.5,2685.5,362853
2024-03-19,2695.0,2780.0,2687.5,2748.0,2748.0,735866
2024-03-20,2759.5,2827.0,2748.5,2822.5,2822.5,881299
2024-03-21,2828.0,2880.0,2824.0,2871.5,2871.5,677868
2024-03-22,2879.0,2880.0,2765.0,2825.0,2825.0,1437444
2024-03-25,2828.0,2911.0,2808.5,2910.0,2910.0,611463
2024-03-26,2911.0,2925.0,2880.5,2911.0,2911.0,397279
2024-03-27,2911.0,2950.0,2895.0,2940.5,2940.5,355416
2024-03-28,2934.0,2964.0,2932.0,2935.5,2935.5,202312
2024-03-29,2934.0,3094.0,2910.5,3091.0,3091.0,1098681
2024-04-01,3139.5,3206.5,2820.0,2832.5,2832.5,6719098
2024-04-02,2829.5,2872.5,2688.0,2780.0,2780.0,1660336
2024-04-03,2830.0,2847.5,2750.0,2798.0,2798.0,848433
